property_id,property_address,source,file,type,date_in_document,date_in_filename,address_in_document,text_layer,confidence,notes
2406742000079865305,"1 Lancaster House, Browrigg Drive, Cramlington, NE23 6UN",zoho,EICR - 1 Lancaster House.pdf,EICR,,,"OCR: 1 Lancaster House, Brownrigg Drive Cramlington Northumberland NE23 GUN Description of premises: Domestic N/A Commercial N/A Industrial N/A O",no,low,"attached to Zoho 2026-04-27; scanned, no text; OCR (unverified) next inspection date: 2031-04-22"
2406742000079865305,"1 Lancaster House, Browrigg Drive, Cramlington, NE23 6UN",zoho,EPC - 1 Lancaster House.pdf,EPC,2036-04-12,,1 Lancaster House Brownrigg Drive CRAMLINGTON NE23 6UN,yes,high,attached to Zoho 2026-04-27; valid until
2406742000016173028,1 Lovinya Court Hillingdon Avenue Sevenoaks TN13 3QZ,zoho,1 lovinya court EICR 9-4-2030.pdf,EICR,,2030-04-09,OCR: |LOVINYACOURT installation taking into account the stated extent and limitations in PART 6 of this report. HILLINGDON AVENUE Postcode: TN133,no,low,"attached to Zoho 2025-04-22; scanned, no text"
2406742000016173028,1 Lovinya Court Hillingdon Avenue Sevenoaks TN13 3QZ,zoho,I lovinya Court EPC 11.4.2032.pdf,EPC,,2032-04-11,OCR:  (ЕPC) 1 Lovinya Court Energy rating Valid until: 11 April 2032 Hillingdon Avenue SEVENOAKS TN13 3QZ,no,low,"attached to Zoho 2022-04-21; scanned, no text; OCR (unverified) valid until: 2032-04-11"
2406742000016173028,1 Lovinya Court Hillingdon Avenue Sevenoaks TN13 3QZ,zoho,"Gas Cert for 1 Lovinya court hillingdon, 16-dec-2026.pdf",gas,,2026-12-16,,no,low,"attached to Zoho 2025-12-31; scanned, no text"
2406742000016173028,1 Lovinya Court Hillingdon Avenue Sevenoaks TN13 3QZ,zoho,Gas cert for 1 Lovinya Court 2023.pdf,gas,,,OCR: Name (Mr/Mrs/Miss/Ms) Name (Mr/Mrs/Miss/Ms). Gas Safe Register No _ LAD 585260 Outcome of gas tightness test? Number of Appliances tested Po,no,low,"attached to Zoho 2023-12-23; scanned, no text"
2406742000016173028,1 Lovinya Court Hillingdon Avenue Sevenoaks TN13 3QZ,zoho,"Gas cert for 1 Lovinya court, TN13, 21-Dec-2025.pdf",gas,,2025-12-21,OCR: Btuhh Pass/Fail/NA Yes/No Pass/FaiL/NA Pass/Fai/NA Yes Name (Mr/Mrs/Miss/Ms) 24(kл Dar ·e Pose Pass 0.0009 N 2 Address | Lovinya lourt Pass ,no,low,"attached to Zoho 2024-12-27; scanned, no text"
2406742000016173028,1 Lovinya Court Hillingdon Avenue Sevenoaks TN13 3QZ,zoho,I lovinya Court Gas cert 3.5.22.jpg,gas,,2022-05-03,,no,low,"attached to Zoho 2021-05-22; image attachment, not downloaded"
2406742000016173028,1 Lovinya Court Hillingdon Avenue Sevenoaks TN13 3QZ,zoho,hillingdon gas certificate.pdf,gas,,,,no,low,"attached to Zoho 2020-05-22; scanned, no text; OCR (unverified) next check due: 2021-05-20"
2406742000016173028,1 Lovinya Court Hillingdon Avenue Sevenoaks TN13 3QZ,zoho,"1 Lovinya Court gas certificate, 4.7.23.pdf",gas,2023-07-01,2023-07-04,Name: Beaumont Residential Address: 1 Lovinya Court Hillingdon Avenue Sevenoaks Kent Postcode: tn133qz Contact Number: Appliance Details Loc,yes,high,attached to Zoho 2022-07-05; next check due
2406742000000703006,1 Onslow Close E4 6QD,zoho,1 onslow close EICR - 28-8-31.pdf,EICR,,2031-08-28,"OCR: 1, ONSLOW CLOSE LONDON Issued in accordance with BS 7671: 2018 (as amended) - Requirements for Electrical Installations Tel No: 043952 Pleas",no,low,"attached to Zoho 2026-09-07; scanned, no text; OCR (unverified) inspection 2026-08-29 + 5 years (interval not found): 2031-08-29"
2406742000000703006,1 Onslow Close E4 6QD,drive,2024-06-04__propertysauce-co__EICR_ 1 Onslow Close. 6.9.26 (1).pdf,EICR,,2026-09-06,"OCR: Flat 1 Onslow close, Chingford, London ,E4 Email: N/A 3. REASON FOR PRODUC Annual Report Date(s) inspection and testing carried out: 6/09//2",no,low,"email date 2024-06-04; matched by filename (high: street:1.0,housenum); scanned, no text; OCR (unverified) inspection 2023-09-06 + 5 years (interval not found): 2028-09-06"
2406742000000703006,1 Onslow Close E4 6QD,zoho,EICR_ 1 Onslow Close. 6.9.26.pdf,EICR,,2026-09-06,"OCR: Flat 1 Onslow close, Chingford, London ,E4 Email: N/A 3. REASON FOR PRODUC Annual Report Date(s) inspection and testing carried out: 6/09//2",no,low,"attached to Zoho 2023-09-08; scanned, no text; OCR (unverified) inspection 2023-09-06 + 5 years (interval not found): 2028-09-06"
2406742000000703006,1 Onslow Close E4 6QD,zoho,1onslow close EPC 16.07.2029.pdf,EPC,2029-07-16,2029-07-16,"1, Onslow Close, LONDON, E4 6QD",yes,high,attached to Zoho 2019-12-19; date of certificate 2019-07-17 + 10 years - 1 day (gov.uk convention)
2406742000000703006,1 Onslow Close E4 6QD,zoho,1 Onslow Close Gas Certificate 13.2.2021.pdf,gas,,2021-02-13,,no,low,"attached to Zoho 2020-07-07; scanned, no text"
2406742000000703006,1 Onslow Close E4 6QD,zoho,"1 Onslow Close, gas certificate 6.1.2022.jpg",gas,,2022-01-06,,no,low,"attached to Zoho 2021-01-13; image attachment, not downloaded"
2406742000000703006,1 Onslow Close E4 6QD,zoho,1 Onslow Gas certificate 11.12.2019.pdf,gas,,2019-12-11,,no,low,"attached to Zoho 2019-12-19; scanned, no text"
2406742000000703006,1 Onslow Close E4 6QD,drive,"2024-06-04__propertysauce-co__Gas cert for 1 Onslaw Close E4 6QD, 2024 (1).pdf",gas,,,OCR: kW/h or Btuh or heat input Pass/FailNA Yes/No Pass/FaiVNA Pass/FailNA (if applicable) Yes/No Yes/No Pass/Fai/NA Yes/No Name (Mr/Mrs/Miss/Ms),no,low,"email date 2024-06-04; matched by filename (medium: street:0.85,housenum,postcode); scanned, no text"
2406742000000703006,1 Onslow Close E4 6QD,drive,"2024-08-01__gmail__Gas cert for 1 Onslaw Close E4 6QD, 1.1.2021pdf.jpeg",gas,,2021-01-01,,no,low,"email date 2024-08-01; matched by filename (medium: street:0.85,housenum,postcode); scanned, no text"
2406742000000703006,1 Onslow Close E4 6QD,drive,"2024-08-01__gmail__Gas cert for 1 Onslaw Close E4 6QD, 1.2.2024.pdf",gas,,2024-02-01,OCR: kW/h or Btuh or heat input Pass/FailNA Yes/No Pass/FaiVNA Pass/FailNA (if applicable) Yes/No Yes/No Pass/Fai/NA Yes/No Name (Mr/Mrs/Miss/Ms),no,low,"email date 2024-08-01; matched by filename (medium: street:0.85,housenum,postcode); scanned, no text"
2406742000000703006,1 Onslow Close E4 6QD,drive,"2024-08-01__gmail__Gas cert for 1 Onslaw Close E4 6QD, 12.1.2022pdf.jpeg",gas,,2022-01-12,OCR: Name (Mr/Mrs/Miss/Ms) LAC 820655 Outcome of gas tightness test? Number of Appliances tested Details of Registered Business Ges Safe Register,no,low,"email date 2024-08-01; matched by filename (medium: street:0.85,housenum,postcode); scanned, no text"
2406742000000703006,1 Onslow Close E4 6QD,zoho,"Gas cert for 1 Onlow Close, E4, 20march2026.pdf",gas,,,"OCR: Name (Mr/Mrs/Miss/Ms) 1239ku Pesr Pasr Pass 8:0008 NO Yes Addss | onslow cloce Safety Related Defect(s) Identified Postcode aç. AR, L E4 600",no,low,"attached to Zoho 2025-03-24; scanned, no text"
2406742000000703006,1 Onslow Close E4 6QD,zoho,"Gas cert for 1 Onslaw Close E4 6QD, 2024.pdf",gas,,,OCR: kW/h or Btuh or heat input Pass/FailNA Yes/No Pass/FaiVNA Pass/FailNA (if applicable) Yes/No Yes/No Pass/Fai/NA Yes/No Name (Mr/Mrs/Miss/Ms),no,low,"attached to Zoho 2024-02-06; scanned, no text"
2406742000000703006,1 Onslow Close E4 6QD,zoho,Gas cert for 1 Onslow Close 5-nov-2026.pdf,gas,,2026-11-05,OCR: Postcode Contact No Address 1 Postcode Contact No Contact No Lone Postcode Serial No 8178,no,low,"attached to Zoho 2025-11-17; scanned, no text"
2406742000000703006,1 Onslow Close E4 6QD,zoho,Gas certificate.jpeg,gas,,,,no,low,"attached to Zoho 2022-02-11; image attachment, not downloaded"
2406742000000703006,1 Onslow Close E4 6QD,zoho,1 Onslow Close Gas cert. 10.1.24.pdf,gas,2024-01-10,2024-01-10,Name: Murray & sullivan Address: 1 Onslow Close London Postcode: e46qd Contact Number: Appliance Details Location Type Manufacturer Model Ow,yes,high,attached to Zoho 2023-01-18; next check due
2406742000000703006,1 Onslow Close E4 6QD,drive,"2024-08-01__gmail__Gas cert for 1 Onslaw Close E4 6QD, 10.1.2023pdf.pdf",gas,2024-01-10,2023-01-10,Name: Murray & sullivan Address: 1 Onslow Close London Postcode: e46qd Contact Number: Appliance Details Location Type Manufacturer Model Ow,yes,medium,"email date 2024-08-01; matched by filename (medium: street:0.85,housenum,postcode); next check due"
2406742000000703006,1 Onslow Close E4 6QD,zoho,1 Onslow close license Note.png,licence,,,,no,low,"attached to Zoho 2023-12-06; image attachment, not downloaded"
2406742000000703006,1 Onslow Close E4 6QD,zoho,Property Licence (2).PDF (1) 1 Onslow Close 31.03.2020.pdf,licence,,2020-03-31,OCR: 1 Onslow Close,no,low,"attached to Zoho 2019-12-19; scanned, no text; OCR (unverified) valid until: 2020-03-31"
2406742000000266403,1 Valley Side Parade E4 8AJ,zoho,1 Valley Side Electric Certificate.pdf,EIC,,,,no,low,"attached to Zoho 2019-06-10; scanned, no text"
2406742000000266403,1 Valley Side Parade E4 8AJ,zoho,"1 Vaalyside Prade Electric cert, 16.5.28.pdf",EICR,,2028-05-16,OCR: CHING FORD woos FORD GILREN 1ESSEX LON DON Postcode 16 884 J TelNo:0794/029741 Postcode: Tel No: Postoode E 4 8AJ Tal No: PART 2: PURPOSE OF,no,low,"attached to Zoho 2023-05-23; scanned, no text"
2406742000000266403,1 Valley Side Parade E4 8AJ,zoho,EPC 1 valley.pdf,EPC,,,"OCR: 1, Valley Side Parade,",no,low,"attached to Zoho 2019-06-10; scanned, no text; OCR (unverified) date of certificate 2010-03-17 + 10 years - 1 day (gov.uk convention): 2020-03-16"
2406742000000266403,1 Valley Side Parade E4 8AJ,drive,2016-01-26__vicaragecourt__EPC.pdf(SU00270005.10.B0F8B).pdf,EPC,2020-03-16,,"16 March 2010 1, Valley Side Parade, LONDON, E4 8AJ",yes,medium,email date 2016-01-26; date of certificate 2010-03-17 + 10 years - 1 day (gov.uk convention); matched by address in document (filename has no address)
2406742000000266403,1 Valley Side Parade E4 8AJ,zoho,"1 Valley Side Parade, EPC,14.03.2030.pdf",EPC,2030-03-13,2030-03-14,"1, Valley Side Parade, LONDON, E4 8AJ",yes,high,attached to Zoho 2020-03-16; date of certificate 2020-03-14 + 10 years - 1 day (gov.uk convention)
2406742000000266403,1 Valley Side Parade E4 8AJ,zoho,1 Valley Gas certificate.pdf,gas,,,OCR: --- page 1 --- Report pages 1 of 2 is protectve equipotential bonding satisfactory? 72182405 IG1 3ED,no,low,"attached to Zoho 2019-06-10; scanned, no text; OCR (unverified) next check due: 2019-07-19"
2406742000000266403,1 Valley Side Parade E4 8AJ,zoho,"1 Vally side prade gas certificate,3.6.2021.jpeg",gas,,2021-06-03,,no,low,"attached to Zoho 2020-06-05; image attachment, not downloaded"
2406742000000266403,1 Valley Side Parade E4 8AJ,zoho,1 Velly Side Gas certificate 17.6.22.jpeg,gas,,2022-06-17,,no,low,"attached to Zoho 2021-06-23; image attachment, not downloaded"
2406742000000266403,1 Valley Side Parade E4 8AJ,zoho,Gas Certificate - 1 Valley side parade 17 Nov 2024.pdf,gas,,2024-11-17,OCR: Name (Mr/Mrs/Miss/Ms) Outcome of gas tightness test? Number of Appliances tested Name (Mr/Mrs/Miss/Ms) Postcode E4 SAT LAD 585255 04 Jat Cal,no,low,"attached to Zoho 2024-06-26; scanned, no text"
2406742000000266403,1 Valley Side Parade E4 8AJ,zoho,Gas Certificate Ref40397093.pdf,gas,,,,no,low,"attached to Zoho 2019-07-09; scanned, no text"
2406742000000266403,1 Valley Side Parade E4 8AJ,zoho,"Gas cert for 1 Valley Side Parade, E4 8AJ,24 Nov 2026.pdf",gas,,2026-11-24,OCR: safetyshop.co.uk 662141 Registered Engineer's Neshwan Yakya Mehued Duan Mung +Reynond Pullwon E143QT,no,low,"attached to Zoho 2025-12-01; scanned, no text"
2406742000000266403,1 Valley Side Parade E4 8AJ,zoho,Gas cert for 1 Valley Side parade E4 17-NOV-2025.pdf,gas,,2025-11-17,OCR: Pass/FailNA Yes/No Pass/FalVNAPass/FaiVNA Yes/No Yes/No scatton ented Teated Name (Mr/Mrs/Miss/Ms) 24.1k Puss Yes Pak - Par 0.0009 N0 tes Ad,no,low,"attached to Zoho 2024-11-22; scanned, no text"
2406742000000266403,1 Valley Side Parade E4 8AJ,zoho,"1 Velly Side Prade gas  certificate, 4.7.23.pdf",gas,2023-07-04,2023-07-04,Name: D Murray & R Sullivan Address: 1 Valley Side Parade London Postcode: e48aj Contact Number: Appliance Details Location Type Manufacture,yes,high,attached to Zoho 2022-07-05; next check due
2406742000000266403,1 Valley Side Parade E4 8AJ,zoho,1 Valley Side License Note.png,licence,,,,no,low,"attached to Zoho 2023-12-06; image attachment, not downloaded"
2406742000000266403,1 Valley Side Parade E4 8AJ,zoho,Property license 1 valley.pdf,licence,,,OCR: 1 Valley Side Parade,no,low,"attached to Zoho 2019-06-10; scanned, no text; OCR (unverified) valid until: 2020-03-31"
2406742000003304001,"10 Claremont Road, E17 5RJ",zoho,10 Claremount EPC 24.01.2029.pdf,EPC,2029-01-26,2029-01-24,"10, Claremont Road, LONDON, E17 5RJ",yes,high,attached to Zoho 2019-12-12; date of certificate 2019-01-27 + 10 years - 1 day (gov.uk convention)
2406742000003304001,"10 Claremont Road, E17 5RJ",zoho,10 Claremont Road Electric Cert.jpeg,electrical,,,,no,low,"attached to Zoho 2023-01-26; image attachment, not downloaded"
2406742000003304001,"10 Claremont Road, E17 5RJ",zoho,10_CLAREMONT Electric Certificate 7.01.2023.pdf,electrical,,2023-01-07,,no,low,"attached to Zoho 2019-12-12; text layer is the blank NICEIC form template (sample data), real certificate is an image; scanned, no text"
2406742000003304001,"10 Claremont Road, E17 5RJ",zoho,10 Claremont Road E17 5RJ Gas cert 7.6.23.pdf,gas,,2023-06-07,OCR: kW/h or Btu/h Pass/Fail/NA Yes/No Pass/Fai/NA Pass/Fail/NA (if applicable) Yes/No Yes/No Pass/Fai/NA Yes/No Name (Mr/Mrs/Miss/Ms) 19mbr Pass,no,low,"attached to Zoho 2023-06-08; scanned, no text"
2406742000003304001,"10 Claremont Road, E17 5RJ",zoho,10 Claremont Road E17 Gas Cert 06-06-25.pdf,gas,,2025-06-06,OCR: Name (Mr/Mrs/Miss/Ms) Name (Mr/Mrs/Miss/Ms) Gas Safe Register No. LAD 585284 Outcome of gas tightness test? Number of Appliances tested Deta,no,low,"attached to Zoho 2024-06-24; scanned, no text"
2406742000003304001,"10 Claremont Road, E17 5RJ",zoho,10 Claremont Road Gas cert. 19.1.23.jpeg,gas,,2023-01-19,,no,low,"attached to Zoho 2022-01-24; image attachment, not downloaded"
2406742000003304001,"10 Claremont Road, E17 5RJ",zoho,"10 Claremont Road, Gas certificate - 6.4.2021.jpg",gas,,2021-04-06,,no,low,"attached to Zoho 2020-04-10; image attachment, not downloaded"
2406742000003304001,"10 Claremont Road, E17 5RJ",zoho,10 Claremont road e17 Gas cert - 2 Oct 2026.pdf,gas,,2026-10-02,OCR: PATWITA Pastaina Tea To Name (Mc/Mrs/Miss/Ms) atae las Yes Pass Pasc 0.0009 No Ya) Klaal. Address la C Laremnt Rend Tro_re: Safety Related D,no,low,"attached to Zoho 2025-10-03; scanned, no text"
2406742000003304001,"10 Claremont Road, E17 5RJ",zoho,10 calmenont Gas Cert 3-oct-2026.pdf,gas,,2026-10-03,OCR: Yes Pass Past 0.0009 No Yes Htale FamLra: PassPei Name (Mr/Mrs/Miss/Ms) 29.1kw Pass 2 Passal Pats Fei Address 10 C laremont Road 3 Pass) Fam,no,low,"attached to Zoho 2026-02-25; scanned, no text"
2406742000003304001,"10 Claremont Road, E17 5RJ",zoho,Gas Certificate 10 Claremount 22.03.2020.pdf,gas,,2020-03-22,,no,low,"attached to Zoho 2019-12-12; scanned, no text"
2406742000003304001,"10 Claremont Road, E17 5RJ",zoho,10 Claremont road- gas cert.22.1.2022.pdf,gas,2022-01-20,2022-01-22,Company / Installer Engineer Ben Company Ben Olive Tree Centre 472a Larkshall Rd Highams Park E4 9HH,yes,medium,attached to Zoho 2021-04-13; next check due; address in document not confirmed
2406742000003304001,"10 Claremont Road, E17 5RJ",zoho,10 Claremont Road Gas cert. 10.1.24.pdf,gas,2024-01-10,2024-01-10,Name: Beaumont residential Address: 10 Claremont Road London Postcode: e175rj Contact Number: Appliance Details Location Type Manufacturer M,yes,high,attached to Zoho 2023-01-18; next check due
2406742000003304001,"10 Claremont Road, E17 5RJ",zoho,PROPERTY LICENCE 10 CLAREMONT ROAD 31.03.2020.pdf,licence,,2020-03-31,OCR: 10 Claremont Road,no,low,"attached to Zoho 2019-12-12; scanned, no text; OCR (unverified) valid until: 2020-03-31"
2406742000003304001,"10 Claremont Road, E17 5RJ",zoho,10 Claremont Property License 21 Jan 2030.pdf,licence,2030-01-21,2030-01-21,"10, Claremont Road London E17 5RJ",yes,high,attached to Zoho 2025-01-22; expiry date
2406742000003304001,"10 Claremont Road, E17 5RJ",zoho,Landlord Licence - 10 Claremont - 21 Jan 2030.pdf,licence,2030-01-21,2030-01-21,"10, Claremont Road London E17 5RJ",yes,high,attached to Zoho 2026-09-02; expiry date
2406742000080405037,"10 Lancaster House, Brownrigg Drive, Cramlington, NE23 6UN",zoho,Flat 10 Lancaster - EICR_Ref22075651_compressed.pdf,EICR,,,"OCR: 10 Lancaster House, Brownrigg Drive Cramlington Northumberland NE23 6UN Description of premises: Domestic N/A Commercial N/A Industrial N/A ",no,low,"attached to Zoho 2026-05-19; scanned, no text; OCR (unverified) next inspection date: 2031-05-16"
2406742000080405037,"10 Lancaster House, Brownrigg Drive, Cramlington, NE23 6UN",zoho,EPC - 10 Lancaster.pdf,EPC,2036-04-12,,10 Lancaster House Brownrigg Drive CRAMLINGTON NE23 6UN,yes,high,attached to Zoho 2026-05-19; valid until
2406742000001876907,"10 Tudor Court, E17 8ET",zoho,10 tudor court EICR - 16-1-31.pdf,EICR,,2031-01-16,"OCR: 7 NORTHVIEW DRIVE Name: ARRAY RESUDENTIAL UPRN: WODDEOR) GRBRN ESSEX Address: F.F. COOPERS LANE Address: l0, TuDRn CourT Postcode: /4884J LE",no,low,"attached to Zoho 2026-02-06; scanned, no text"
2406742000001876907,"10 Tudor Court, E17 8ET",zoho,10 Tudor Court EPC.pdf,EPC,,,"OCR: 10, Tudor Court",no,low,"attached to Zoho 2019-01-31; scanned, no text; OCR (unverified) date of certificate 2011-09-20 + 10 years - 1 day (gov.uk convention): 2021-09-19"
2406742000001876907,"10 Tudor Court, E17 8ET",zoho,10 Tudor Court EPC.pdf,EPC,2021-09-19,,"10, Tudor Court",yes,high,attached to Zoho 2020-03-25; date of certificate 2011-09-20 + 10 years - 1 day (gov.uk convention)
2406742000001876907,"10 Tudor Court, E17 8ET",zoho,10 Tudor Court EPC 6.8.2031.pdf,EPC,2031-09-06,2031-08-06,10 Tudor Court LONDON E17 8ET,yes,high,attached to Zoho 2021-09-08; valid until
2406742000001876907,"10 Tudor Court, E17 8ET",zoho,"10 Tudor Court, E17 8ET, Gas Cert,24.4.24.pdf",gas,,2024-04-24,OCR: KW/h or Btuh or heat input Pass/Fail/NA Yes/No Pass/Fail/NA Pass/Fail/NA (if applicable) Yes/No Yes/No Pass/Fail/NA Yes/No Name (PMrs/Miss/M,no,low,"attached to Zoho 2023-05-01; scanned, no text"
2406742000001876907,"10 Tudor Court, E17 8ET",zoho,10 Tudor Court. Gas certificate.1.4.22.jpg,gas,,2022-04-01,,no,low,"attached to Zoho 2021-04-07; image attachment, not downloaded"
2406742000001876907,"10 Tudor Court, E17 8ET",zoho,10 Tudor Gas Certificate Ref40672601 (1).pdf,gas,,,,no,low,"attached to Zoho 2019-06-13; scanned, no text"
2406742000001876907,"10 Tudor Court, E17 8ET",zoho,"Gas Cert 10 Tudor Court E17, 27-04-25.pdf",gas,,2025-04-27,OCR: KW/h or Btuhh or heat input Pass FallNA Yeu No PassFaiNA MFWINA Name (Mr/Mrs/Miss/Ms) 23:4tJ Pass Paer Pass l coo 4 No Address l0 Tudor core,no,low,"attached to Zoho 2024-06-24; scanned, no text"
2406742000001876907,"10 Tudor Court, E17 8ET",zoho,"Gas cert for 10 Tudor Court E17, 22 April 2027.pdf",gas,,2027-04-22,,no,low,"attached to Zoho 2026-04-24; scanned, no text"
2406742000001876907,"10 Tudor Court, E17 8ET",zoho,10 Tudor - Gas Certificate - 20.3.2021.pdf,gas,2021-03-21,2021-03-20,staller Engineer Ediz Halil Company Master Gas London 83 Brookscroft Road Walthamstow LONDON E17 4JP,yes,medium,attached to Zoho 2020-04-03; next check due; address in document not confirmed
2406742000001876907,"10 Tudor Court, E17 8ET",zoho,"10 Tudor Court gas certificate, 24.4.23.pdf",gas,2023-04-24,2023-04-24,) VGHPVT0153 Make 2 Ventilation Provision Satisfactory (Yes/No) Appliance Inspected (Yes/No) E17 8ET,yes,medium,"attached to Zoho 2022-05-10; latest date in form (2022-04-25 inspection, form values separated from labels); address in document not confirmed"
2406742000001876907,"10 Tudor Court, E17 8ET",zoho,10 Tudor Court property licence.pdf,licence,,,OCR: Granting of a Private Rented Property Licence Address: First Floor Flat 10 Tudor Court Walthamstow London,no,low,"attached to Zoho 2023-12-15; scanned, no text; OCR (unverified) valid until: 2025-03-23"
2406742000001876907,"10 Tudor Court, E17 8ET",zoho,Landlord Licence - 10 Tudor Court.pdf,licence,2031-06-29,,"10, Tudor Court London E17 8ET",yes,high,attached to Zoho 2026-06-30; expiry date
2406742000002188109,102 New Road E4 9SY,zoho,102 NEW ROAD EICR 7-10-2030.pdf,EICR,,2030-10-07,OCR: T.6.P56000 55.CO0PE)2S LANE Address:. / O.2a. NEW RDAD) WOODFORD 4RRIZN ESSEX LEYTDN CHINSFDRD Postcode: 1488QJ Tel No:. Postcode: E105 D4 T,no,low,"attached to Zoho 2025-10-08; scanned, no text"
2406742000002188109,102 New Road E4 9SY,zoho,102 EPC.pdf,EPC,,,"OCR: 102, New Road,",no,low,"attached to Zoho 2019-06-13; scanned, no text; OCR (unverified) date of certificate 2010-03-19 + 10 years - 1 day (gov.uk convention): 2020-03-18"
2406742000002188109,102 New Road E4 9SY,drive,2019-08-19__vicaragecourt__EPC.pdf,EPC,2020-03-18,,"18 March 2010 102, New Road, LONDON, E4 9SY",yes,medium,email date 2019-08-19; date of certificate 2010-03-19 + 10 years - 1 day (gov.uk convention); matched by address in document (filename has no address)
2406742000002188109,102 New Road E4 9SY,zoho,"102 New Road, EPC - 7.4.2030.pdf",EPC,2030-04-07,2030-04-07,"102, New Road, LONDON, E4 9SY",yes,high,attached to Zoho 2020-04-09; date of certificate 2020-04-08 + 10 years - 1 day (gov.uk convention)
2406742000002188109,102 New Road E4 9SY,zoho,102 New Road  Electric Certificate 23.9.2025.pdf,electrical,,2025-09-23,,no,low,"attached to Zoho 2020-10-01; text layer is the blank NICEIC form template (sample data), real certificate is an image; scanned, no text"
2406742000002188109,102 New Road E4 9SY,zoho,102 New Road Gas Cert.pdf,gas,,,OCR: Business Address Postcode Contact No Address Postcode Contact No Address Postcode Contact No --- page 2 --- version 10| Copyright C July 201,no,low,"attached to Zoho 2020-10-06; scanned, no text"
2406742000002188109,102 New Road E4 9SY,zoho,102 New Road Gas cert 4.10.22.jpeg,gas,,2022-10-04,,no,low,"attached to Zoho 2021-10-06; image attachment, not downloaded"
2406742000002188109,102 New Road E4 9SY,zoho,"Gas Cert for 102 New Road, 26-oct-2025.pdf",gas,,2025-10-26,OCR: ass/rainA Pass/FailNA Pass/FalNA Tested Tested Name (Mr/Mrs/Miss/Ms) Rasl 0.0009 No HONO Address 102 New Road 7.8h PESs NfA N/A N/A No MONO ,no,low,"attached to Zoho 2024-11-05; scanned, no text"
2406742000002188109,102 New Road E4 9SY,zoho,Gas Cert for 102 new road 1-11-26.pdf,gas,,2026-11-01,OCR: Tested Locttior Tested 23.610 Pass Name (Mr/Mrs/Miss/Ms) Yes Pass Pass 8.0v0i0 No Yes Pass FallC PoenFnt 20mtr Dass Yes N/4 N/A N/A N0 tel P,no,low,"attached to Zoho 2025-11-05; scanned, no text"
2406742000002188109,102 New Road E4 9SY,zoho,Gas Safe 2021 - 102 New Rd.pdf,gas,,,,no,low,"attached to Zoho 2024-12-01; scanned, no text; OCR (unverified) next check due: 2022-10-05"
2406742000002188109,102 New Road E4 9SY,zoho,Gas cert for 102 New Road. 4.10.24.pdf,gas,,2024-10-04,OCR: Name (Mr/Mrs/Miss/Ms) Name (Mr/Mrs/Miss/Ms) Gas Safe Register No LAD 181549 Outcome of gas tightness test? Number of Appliances tested Detai,no,low,"attached to Zoho 2023-10-06; scanned, no text"
2406742000002188109,102 New Road E4 9SY,zoho,New 102 New Rd gas certificate.pdf,gas,,,,no,low,"attached to Zoho 2020-10-27; scanned, no text"
2406742000002188109,102 New Road E4 9SY,zoho,102 New Road - Landlord Licence Refusal Letter - D Murray & R Sullivan_WAL-957173289312.pdf,licence,,,"102, New Road London E4 9SY",yes,low,attached to Zoho 2025-05-15; no key date found in text
2406742000002188109,102 New Road E4 9SY,zoho,102 new Road - Landlord Licence Application.png,licence,,,,no,low,"attached to Zoho 2025-06-16; image attachment, not downloaded"
2406742000080276036,"12 Lancaster House, Brownrigg Drive, Cramlington, NE23 6UN",zoho,Flat 12 Lancaster - EICR_Ref2675805.pdf,EICR,,,"OCR: 12 Lancaster House, Brownrigg Drive Cramlington Northumberland NE23 6UN Description of premises: Domestic N/A Commercial N/A Industrial N/A ",no,low,"attached to Zoho 2026-05-18; scanned, no text; OCR (unverified) next inspection date: 2031-05-16"
2406742000080276036,"12 Lancaster House, Brownrigg Drive, Cramlington, NE23 6UN",zoho,EPC - 12 Lancaster.pdf,EPC,2036-04-12,,12 Lancaster House Brownrigg Drive CRAMLINGTON NE23 6UN,yes,high,attached to Zoho 2026-05-18; valid until
2406742000002188100,"122 Morley Road, E10 6LL",zoho,122 Morley Road Electric Certificate 12.03.2024.pdf,EICR,,2024-03-12,OCR: Purpose for which report is required Оссирieт Address inspection available this --- page 2 --- Original (To the person ordering the wark) DP,no,low,"attached to Zoho 2019-11-21; scanned, no text"
2406742000002188100,"122 Morley Road, E10 6LL",zoho,EICR_122 Morley Road - 14.2.29.pdf,EICR,,2029-02-14,"OCR: 122 Morley road , Leyton , London , E10 Email: N/A Annual check Date(s) inspection and testing carried out: 14/02/2024 Occupier: N/A Address",no,low,"attached to Zoho 2024-02-15; scanned, no text; OCR (unverified) inspection 2024-02-14 + 5 years (interval not found): 2029-02-14"
2406742000002188100,"122 Morley Road, E10 6LL",zoho,122 Morley Rd EPC 22.04.2029.pdf,EPC,2029-04-22,2029-04-22,"122, Morley Road, LONDON, E10 6LL",yes,high,attached to Zoho 2019-11-21; date of certificate 2019-04-23 + 10 years - 1 day (gov.uk convention)
2406742000002188100,"122 Morley Road, E10 6LL",zoho,"112 Morley Road E10, Gas Cert.17.5.24.pdf",gas,,2024-05-17,OCR: Name (Mr/Mrs/Miss/Ms) Postcode ElO Name (Mr/Mrs/Miss/Ms) Gas Safe Register No LAD 181516 Outcome of gas tightness test? Number of Appliances,no,low,"attached to Zoho 2023-05-23; scanned, no text"
2406742000002188100,"122 Morley Road, E10 6LL",zoho,122 Morley - Gas cert 15.2.22.pdf,gas,,2022-02-15,OCR: Location KITCHEN KITCHEN CO alarm(s) fitted: Yes This record is issued by: Postcode: Eio Name & Title: Address: 122 Gas Installation Pipewor,no,low,"attached to Zoho 2021-03-17; scanned, no text"
2406742000002188100,"122 Morley Road, E10 6LL",zoho,122 Morley Gas Certificate 18.04.2020.pdf,gas,,2020-04-18,OCR: Postcode Contact No Serial No Address Postcode Address --- page 2 --- safe Type of flue SAFE TO USE Yes/No Warning/Advisory Record nsDected ,no,low,"attached to Zoho 2019-11-21; scanned, no text"
2406742000002188100,"122 Morley Road, E10 6LL",zoho,122 Morley Road E10 Gas Cert 06-06-25.pdf,gas,,2025-06-06,OCR: kW/h or Btuh or heat input Pass/Fai/NA Yes/No Pass/Fail/NA Pass/FaiVNA (if applicable) Yes/No Yes/No Pass/Fai/NA Yes/No Name (Mr/Mrs/Miss/Ms,no,low,"attached to Zoho 2024-06-24; scanned, no text"
2406742000002188100,"122 Morley Road, E10 6LL",zoho,122 Morley Road E10 Gas Cert 3-oct-2026.pdf,gas,,2026-10-03,OCR: 23.5tw Dass Yes Pass Pass 0.0208 Yet' leten Pama fear PassFal Name (Mr/Mrs/Miss/Ms) Nід Doss Yes N/A N/A N(A les Pass_FaIO Fas_Fal Address 1,no,low,"attached to Zoho 2025-10-08; scanned, no text"
2406742000002188100,"122 Morley Road, E10 6LL",zoho,122 Morley Road gas certificate 13.4.2021.png,gas,,2021-04-13,,no,low,"attached to Zoho 2020-04-15; image attachment, not downloaded"
2406742000002188100,"122 Morley Road, E10 6LL",zoho,122 Morlry Gas Certificate 12.3.23.jpeg,gas,,2023-03-12,,no,low,"attached to Zoho 2022-03-14; image attachment, not downloaded"
2406742000002188100,"122 Morley Road, E10 6LL",zoho,122 Morley Rd License.pdf,licence,,,"First Floor Flat 2 122, Morley Road London E10 6LL",yes,low,attached to Zoho 2021-05-18; expiry date; DRAFT licence
2406742000002188100,"122 Morley Road, E10 6LL",zoho,"122 Morley Road, Property licence 31.03.2020.pdf",licence,2020-03-31,2020-03-31,Granting of a Private Rented Property Licence Address: First Floor Flat 2 122 Morley Road Leyton London E10 6LL,yes,high,attached to Zoho 2019-11-21; valid until
2406742000002188100,"122 Morley Road, E10 6LL",zoho,122 Morley License.pdf,licence,2026-05-03,,"First Floor Flat 2 122, Morley Road London E10 6LL",yes,high,attached to Zoho 2021-06-01; expiry date
2406742000002188082,"125 Kitchener Road, E17 4LJ",zoho,125 Kitchener Rd Electric Certificate.pdf,EIC,,,"OCR: SCHEDULE OF ADDITIONAL RECORDS* COMMENTS ON EXISTING INSTALLATION Conte. enrolled with NiCElC, Warwick House, Houghton Hall Park, Houghton R",no,low,"attached to Zoho 2019-06-13; scanned, no text"
2406742000002188082,"125 Kitchener Road, E17 4LJ",zoho,125 Kitchener Road electric certificate.pdf,EIC,,,OCR: NEXT INSPECTION NONE For the DESIGN. Installation address Sıgnature Signature NEW INSTAULATTION Conoumer full Rewre of property RHIJ8 Postco,no,low,"attached to Zoho 2019-06-20; scanned, no text; OCR (unverified) inspection 2018-01-24 + 5 years (interval not found): 2023-01-24"
2406742000002188082,"125 Kitchener Road, E17 4LJ",zoho,125 Kitchener Rd - NICEIC 7 Jan 2028.pdf,EICR,,2028-01-07,OCR: Postcode:... RRNTB) PROPERTY E35 EX DILIVI PrEIPrE APDROXIMATLY BYRARS OLD Certsure LLP operates the NICEIC & ELECSA brands Branch No: ART 1,no,low,"attached to Zoho 2024-12-09; scanned, no text"
2406742000002188082,"125 Kitchener Road, E17 4LJ",zoho,125 Kitchener Rd EPC.pdf,EPC,,,"OCR: 125, Kitchener Road, LONDON, E17 4LJ",no,low,"attached to Zoho 2019-06-13; scanned, no text; OCR (unverified) date of certificate 2018-01-25 + 10 years - 1 day (gov.uk convention): 2028-01-24"
2406742000002188082,"125 Kitchener Road, E17 4LJ",zoho,125 Kitchener Road Electric Cert.jpeg,electrical,,,,no,low,"attached to Zoho 2023-01-26; image attachment, not downloaded"
2406742000002188082,"125 Kitchener Road, E17 4LJ",zoho,125 Kitchener Rd Gas Certificate.pdf,gas,,,OCR: 125 Kitchener Road Britannia Heating Solutions Ltd Leyton London 44 De Vere Gds Ilford Essex E10 5NA,no,low,"attached to Zoho 2019-06-13; scanned, no text; OCR (unverified) next check due: 2019-01-23"
2406742000002188082,"125 Kitchener Road, E17 4LJ",zoho,"125 Kitchener Road gas cert, 3.12.22.jpeg",gas,,2022-12-03,,no,low,"attached to Zoho 2021-12-04; image attachment, not downloaded"
2406742000002188082,"125 Kitchener Road, E17 4LJ",zoho,125 Kitchner Gas Certificate.pdf,gas,,,,no,low,"attached to Zoho 2019-06-13; scanned, no text"
2406742000002188082,"125 Kitchener Road, E17 4LJ",zoho,Gas Certificate 125 Kitchner Road 5.01.2021.pdf,gas,,2021-01-05,,no,low,"attached to Zoho 2020-01-07; scanned, no text"
2406742000002188082,"125 Kitchener Road, E17 4LJ",zoho,"Gas cert for 125 Kitchener Road E17, 12,nov,2026.pdf",gas,,,OCR: Address 12 5 Postcode Contact No Postcode Contact No Postcode Contact No Serial No,no,low,"attached to Zoho 2025-11-26; scanned, no text"
2406742000002188082,"125 Kitchener Road, E17 4LJ",zoho,"Gas cert for 125 Kitchener Road E17, 12-nov-2025.pdf",gas,,2025-11-12,OCR: Btu/h Pass/Fail/NA Yes/No Pass/Fail/NA Pass/Fail/NA Name (Mr/Mrs/Miss/Ms) 23. 7l Pass ter Pals Prss 0.•008 Address 125 Katcheuer Rord 2ovle ,no,low,"attached to Zoho 2024-11-12; scanned, no text"
2406742000002188082,"125 Kitchener Road, E17 4LJ",zoho,"Gas cert for 125 Kitchener Road E17, 3.11.24.pdf",gas,,2024-11-03,OCR: kW/h or Btu/h or neat input Pass/Fail/NA Yes/No Pass/Fai/NA Pass/Fail/NA (if applicable) Yes/No Yes/No Pass/Fai/NA Yes/No Name (Mr/Mrs/Miss/,no,low,"attached to Zoho 2023-11-07; scanned, no text"
2406742000002188082,"125 Kitchener Road, E17 4LJ",zoho,"125 Kitchener Road Gas cert, 18.11.23.pdf",gas,2023-11-18,2023-11-18,Name: Beaumont Residential Address: 125 Kitchener Road London Postcode: e17 4lj Contact Number: Appliance Details Location Type Manufacturer,yes,high,attached to Zoho 2022-11-21; next check due
2406742000002188082,"125 Kitchener Road, E17 4LJ",zoho,125 Kitchener property licence.pdf,licence,,,OCR: Granting of a Private Rented Property Licence Address: 125 Kitchener Road Walthamstow London E17 4LJ,no,low,"attached to Zoho 2019-06-17; scanned, no text; OCR (unverified) valid until: 2020-03-31"
2406742000002188082,"125 Kitchener Road, E17 4LJ",zoho,125 Kitchener Landlord License - 21 Jan 2030.pdf,licence,2030-01-21,2030-01-21,"125, Kitchener Road London E17 4LJ",yes,high,attached to Zoho 2025-02-12; expiry date
2406742000004042001,"127 C Grange Park, Leyton, E10 5ET",zoho,127 c Grange Park EICR 23-6-2030.pdf,EICR,,2030-06-23,OCR: 7 NOILTHVIEW DRIVE Trading Tile: SRELECTRICAL WOODFORD GRRRN ESSÉX Date(s) when inspection and testing was carred out: ( 2 4 - 6-25) Postcod,no,low,"attached to Zoho 2025-09-03; scanned, no text"
2406742000004042001,"127 C Grange Park, Leyton, E10 5ET",zoho,127C Grange Road EPC.pdf,EPC,2027-07-24,,"127c Grange Park Road, LONDON, E10 5ET",yes,high,attached to Zoho 2019-08-13; date of certificate 2017-07-25 + 10 years - 1 day (gov.uk convention)
2406742000004042001,"127 C Grange Park, Leyton, E10 5ET",drive,2020-09-14__icloud__127C Grange Road EPC.pdf,EPC,2027-07-24,,"127c Grange Park Road, LONDON, E10 5ET",yes,high,"email date 2020-09-14; matched by filename (high: street:1.0,housenum); date of certificate 2017-07-25 + 10 years - 1 day (gov.uk convention)"
2406742000004042001,"127 C Grange Park, Leyton, E10 5ET",zoho,127c Grange Park Gas Cert 16-10-26.pdf,gas,,2026-10-16,"OCR: 23•5k Pass Yos Pass Rasr 0.0009 No Yol ciiter Pass eFarL Pass Fal Name (Mr/Mrs/Miss/Ms) 7.3/al Pass Yes N,A N/4 PassFal Pass Fal Address 127",no,low,"attached to Zoho 2025-10-20; scanned, no text"
2406742000004042001,"127 C Grange Park, Leyton, E10 5ET",zoho,127c Grange Park Gas certificate 17.6.22.jpeg,gas,,2022-06-17,,no,low,"attached to Zoho 2021-06-23; image attachment, not downloaded"
2406742000004042001,"127 C Grange Park, Leyton, E10 5ET",zoho,"127c Grange Park gas certificate, 27.7.23.pdf",gas,,2023-07-27,"OCR: Yes/Ho Pass/Fail/NA Yes/No Name (Mr/Mrs/Miss/Ms) TANC REIDENTIA 1 24.2k0 PAS pres PAss 0-0007 ND pHs YEs Address /27-C GRANGEtROl, 2 7.4Kw P",no,low,"attached to Zoho 2022-08-19; scanned, no text"
2406742000004042001,"127 C Grange Park, Leyton, E10 5ET",zoho,127c Grange park road Gas certificate 9.6.2021.PNG,gas,,2021-06-09,,no,low,"attached to Zoho 2020-06-11; image attachment, not downloaded"
2406742000004042001,"127 C Grange Park, Leyton, E10 5ET",zoho,"Gas cert for 127c Grange Park E10, 15-oct-2025.pdf",gas,,2025-10-15,"OCR: Btu/h Pass/Fai/NA Yes/No Pass/Fail/NA Pass/Fail/NA Name (Mr/Mrs/Miss/Ms) 23.2k0 Buss Pass Ress 0•0009 Address 127c Grange Panrk, Leyton 19ub",no,low,"attached to Zoho 2024-11-12; scanned, no text"
2406742000004042001,"127 C Grange Park, Leyton, E10 5ET",zoho,"Gas cert for 127c Grange Park, leyton, E10, 10.8.24.pdf",gas,,2024-08-10,OCR: kW/h or Btu/h or neat ioul Pass/Fai/NA Yes/No Pass/Fal/NA Pass/Fail/NA (if applicable) Yes/No Yes/No Pass/Fai/NA Yes/No Name (Mr/Mrs/Miss/Ms,no,low,"attached to Zoho 2023-08-09; scanned, no text"
2406742000004042001,"127 C Grange Park, Leyton, E10 5ET",zoho,127C Grange Park license.pdf,licence,2025-04-30,,"First Floor Flat 127, Grange Park Road London E10 5ET",yes,high,attached to Zoho 2020-11-10; expiry date
2406742000004042001,"127 C Grange Park, Leyton, E10 5ET",zoho,127C Grange Road License.pdf,licence,2025-11-08,,"First Floor Flat 127, Grange Park Road London E10 5ET",yes,high,attached to Zoho 2021-01-21; expiry date
2406742000080405001,"13 Lancaster House, Brownrigg Drive, Cramlington, NE23 6UN",zoho,Flat 13 Lancaster - EICR_Ref91619803.pdf,EICR,,,"OCR: 13 Lancaster House, Brownrigg Drive Cramlington Northumberland NE23 6UN Description of premises: Domestic N/A Commercial N/A Industrial N/A ",no,low,"attached to Zoho 2026-05-19; scanned, no text; OCR (unverified) next inspection date: 2031-05-16"
2406742000080405001,"13 Lancaster House, Brownrigg Drive, Cramlington, NE23 6UN",zoho,EPC - 13 Lancaster.pdf,EPC,2036-04-12,,13 Lancaster House Brownrigg Drive CRAMLINGTON NE23 6UN,yes,high,attached to Zoho 2026-05-19; valid until
2406742000080405040,"14 Lancaster House, Brownrigg Drive, Cramlington, NE23 6UN",zoho,Flat 14 Lancaster -EICR_Ref7982419_compressed.pdf,EICR,,,"OCR: 14 Lancaster House, Brownrigg Drive Cramlington Northumberland NE23 6UN Description of premises: Domestic N/A Commercial N/A Industrial N/A ",no,low,"attached to Zoho 2026-05-19; scanned, no text; OCR (unverified) next inspection date: 2031-05-16"
2406742000080405040,"14 Lancaster House, Brownrigg Drive, Cramlington, NE23 6UN",zoho,EPC - 14 Lancaster.pdf,EPC,2036-04-12,,14 Lancaster House Brownrigg Drive CRAMLINGTON NE23 6UN,yes,high,attached to Zoho 2026-05-19; valid until
2406742000076488262,15 Fulready Road London E10 6DT,zoho,EICR - 15 Fulready Road London.pdf,EIC,,,OCR: Client and Installation address John Rowe address 15 Fulready Road 15 Fulready Road London ( London Postcode: E10 6DT Postcode: E10 6DT DETA,no,low,"attached to Zoho 2025-11-14; scanned, no text; OCR (unverified) inspection 2025-10-04 + 5 years (interval not found): 2030-10-04"
2406742000076488262,15 Fulready Road London E10 6DT,zoho,15 Fulready Road - EPC.pdf,EPC,,,OCR: 15 Fulready Road,no,low,"attached to Zoho 2025-12-04; scanned, no text; OCR (unverified) valid until: 2035-11-24"
2406742000076488262,15 Fulready Road London E10 6DT,zoho,15 fulready rd - Gas Cert - 2-11-26.pdf,gas,,2026-11-02,OCR: Pass/FailNA Yes/No Pass/Fall/NA Name (Mr/Mrs/Miss/Ms) 1 29.74н Pass yes Pan (Pass/Falu 0.0004 Jes Yes N7A PanFal Address 15 Fullready Rord 5,no,low,"attached to Zoho 2026-02-27; scanned, no text"
2406742000002373678,"15 Heathcote Grove, E4 6RZ",zoho,15 HeathCote Grove EICR Aug 2028.pdf,EICR,,,"OCR: i5, HEATH COTE 4ROVIE Address: 7 NORTHVIEW DRIVE Adress: F/: 55 COOPERS 10NE CHINGFORD WODD FURD GRRIZN SSEX LIZ y TON LONDON Postcode: /488",no,low,"attached to Zoho 2026-01-05; scanned, no text"
2406742000002373678,"15 Heathcote Grove, E4 6RZ",zoho,15 Heathcote EPC 15.05.2028.pdf,EPC,2028-05-15,2028-05-15,"15, Heathcote Grove, LONDON, E4 6RZ",yes,high,attached to Zoho 2019-12-19; date of certificate 2018-05-16 + 10 years - 1 day (gov.uk convention)
2406742000002373678,"15 Heathcote Grove, E4 6RZ",zoho,15 Heat Cote Grove  Gas cert 2.6.22.jpg,gas,,2022-06-02,,no,low,"attached to Zoho 2021-06-12; image attachment, not downloaded"
2406742000002373678,"15 Heathcote Grove, E4 6RZ",zoho,"15 Heathcoat Grove, E4 6RZ - Gas cert.9.7.24.pdf",gas,,2024-07-09,OCR: kW/h or Btuh Pass/Fai/NA Yes/No Pass/Fai/NA (if appllcable) (if flttect) Pass/Fail/NA Yes/No Yes/No Pass/Fai/NA Yes/No Name (Mr/Mrs/Miss/Ms),no,low,"attached to Zoho 2023-07-11; scanned, no text"
2406742000002373678,"15 Heathcote Grove, E4 6RZ",zoho,15 Heathcote Grove Gas certificate 9.6.2021.PNG,gas,,2021-06-09,,no,low,"attached to Zoho 2020-06-11; image attachment, not downloaded"
2406742000002373678,"15 Heathcote Grove, E4 6RZ",zoho,Gas  Cert 15 Heatcote 6-oct-2026.pdf,gas,,2026-10-06,OCR: Yes/No Yes/No öf fitlech Sf fittedii Location Testod Locstion Tested Name (Mr/Mrs/Miss/Ms) 20wial Pasi Yes W(A N/A N/A NU Ves PanCral 2 21wb,no,low,"attached to Zoho 2025-10-08; scanned, no text"
2406742000002373678,"15 Heathcote Grove, E4 6RZ",zoho,Gas Certificate 15 Heathcote Grove London 24.07.2020.pdf,gas,,2020-07-24,,no,low,"attached to Zoho 2019-12-19; scanned, no text"
2406742000002373678,"15 Heathcote Grove, E4 6RZ",zoho,Gas cert for 15 Heathcoat Grove 03-07-2025.pdf,gas,,2025-07-03,OCR: Name (Mr/Mrs/Miss/Ms) Name (Mr/Mrs/Miss/Ms) Gas Safe Register No LAD 585300 Outcome of gas tightness test? Number of Appliances tested Cahix,no,low,"attached to Zoho 2024-07-04; scanned, no text"
2406742000002373678,"15 Heathcote Grove, E4 6RZ",zoho,"15 Heathcote Grove gas certificate, 4.7.23.pdf",gas,2023-07-04,2023-07-04,Name: Beaumont Residential Address: 15 Heathcote Grove London Postcode: e46rz Contact Number: Appliance Details Location Type Manufacturer M,yes,high,attached to Zoho 2022-07-05; next check due
2406742000002373678,"15 Heathcote Grove, E4 6RZ",zoho,15 HEATHCOTE Property License 31.03.2020.pdf,licence,,2020-03-31,OCR: 15 Heathcote Grove,no,low,"attached to Zoho 2019-12-19; scanned, no text; OCR (unverified) valid until: 2020-03-31"
2406742000002373678,"15 Heathcote Grove, E4 6RZ",zoho,15 Heathcote Grove License Note.jpeg,licence,,,,no,low,"attached to Zoho 2023-12-06; image attachment, not downloaded"
2406742000080588017,"15 Lancaster House, Brownrigg Drive, Cramlington, NE23 6UN",zoho,EICR - Flat 15 Lancaster.pdf,EICR,,,"OCR: 15 Lancaster House, Brownrigg Drive Cramlington Northumberland NE23 6UN Description of premises: Domestic N/A Commercial N/A Industrial N/A ",no,low,"attached to Zoho 2026-06-03; scanned, no text; OCR (unverified) next inspection date: 2031-05-16"
2406742000080588017,"15 Lancaster House, Brownrigg Drive, Cramlington, NE23 6UN",zoho,EPC - 15 Lancaster.pdf,EPC,2036-04-12,,15 Lancaster House Brownrigg Drive CRAMLINGTON NE23 6UN,yes,high,attached to Zoho 2026-06-03; valid until
2406742000080064009,"16 Lancaster House, Brownrigg Drive, Cramlington, NE23 6UN",zoho,EICR - 16 Lancaster.pdf,EICR,,,"OCR: 16 Lancaster House, Brownrigg Drive Cramlington Northumberland NE23 6UN Description of premises: Domestic N/A Commercial N/A Industrial N/A ",no,low,"attached to Zoho 2026-04-30; scanned, no text; OCR (unverified) next inspection date: 2031-04-30"
2406742000080064009,"16 Lancaster House, Brownrigg Drive, Cramlington, NE23 6UN",zoho,EPC - 16 Lancaster.pdf,EPC,2036-04-12,,16 Lancaster House Brownrigg Drive CRAMLINGTON NE23 6UN,yes,high,attached to Zoho 2026-04-30; valid until
2406742000078698025,"17 Lancaster House, Brownrigg Dr, Cramlington NE23 6UN",zoho,17 Lancaster EICR.pdf,EICR,,,"OCR: 17 Lancaster House Brownrigg Drive Cramlington, Northumberland NE23 6UN Description of premises: Domestic N/A Commercial N/A Industrial N/A ",no,low,"attached to Zoho 2026-03-26; scanned, no text; OCR (unverified) next inspection date: 2031-03-25"
2406742000078698025,"17 Lancaster House, Brownrigg Dr, Cramlington NE23 6UN",zoho,EPC - 17 Lancaster.pdf,EPC,2036-04-11,,17 Lancaster House Brownrigg Drive CRAMLINGTON NE23 6UN,yes,high,attached to Zoho 2026-04-13; valid until
2406742000078698030,"18 Lancaster House, Brownrigg Drive, Cramlington, NE23 6UN",zoho,18 Lancaster EICR.pdf,EICR,,,"OCR: 18 Lancaster House Brownrigg Drive Cramlington, Northumberland NE23 6UN Description of premises: Domestic N/A Commercial N/A Industrial N/A ",no,low,"attached to Zoho 2026-03-26; scanned, no text; OCR (unverified) next inspection date: 2031-03-25"
2406742000078698030,"18 Lancaster House, Brownrigg Drive, Cramlington, NE23 6UN",zoho,Flat 18 Lancaster - EPC.pdf,EPC,,,OCR: 18 Lancaster House,no,low,"attached to Zoho 2026-04-01; scanned, no text; OCR (unverified) valid until: 2036-03-31"
2406742000001192201,"18 Wall End Court, E6 2NW",zoho,18 Wall End Court EICR 1 Oct 2029.pdf,EICR,,2029-10-01,OCR: ] NORTAVIEW DRWE PART 2 : PURPOSE OF THE REPORT Date(s) when inspection and testing was carried out: (.2./e.24.. This report is based on the,no,low,"attached to Zoho 2024-11-04; scanned, no text"
2406742000001192201,"18 Wall End Court, E6 2NW",zoho,18 Wall End Court Electric Certificate 6.9.2025.pdf,EICR,,2025-09-06,,no,low,"attached to Zoho 2019-12-06; scanned, no text; OCR (unverified) inspection 2018-09-07 + 5 years (interval not found): 2023-09-07"
2406742000001192201,"18 Wall End Court, E6 2NW",zoho,18 Wall End EPC 18.11.2028.pdf,EPC,,2028-11-18,"OCR: - Energy Performance Certificate HM Government Flat 18 Wall End Court, Wall End Road, LONDON, E6 2NW",no,low,"attached to Zoho 2019-12-06; scanned, no text"
2406742000001192201,"18 Wall End Court, E6 2NW",zoho,18 Wall End.Electric Cert 10.10.2024.pdf,electrical,,2024-10-10,"S 7671:2018 as amended] DPN31740 - Master Allfixedwiring 18WallEndCourt,Eastham,London,England,E62NR",yes,low,attached to Zoho 2021-10-23; no key date found in text
2406742000001192201,"18 Wall End Court, E6 2NW",zoho,18 Wall End Court Gas Certificate 17.10.2021.pdf,gas,,2021-10-17,OCR: Wall Court Wall End Road 34 Kingston Hill Avenue Leyton London Barking Romford E10 5NA E6 2NW RM65QD,no,low,"attached to Zoho 2020-10-21; scanned, no text"
2406742000001192201,"18 Wall End Court, E6 2NW",zoho,18 Wall End Court Gas Certificate 5.10.2020.pdf,gas,,2020-10-05,OCR: Court Name (Mr/Mrs/Miss/Ms) Name (Mr/Mrs/Miss/Ms) Gas Safe Register No LABWS129571 Outcome of gas tightness test? Number of Appliances teste,no,low,"attached to Zoho 2019-12-06; scanned, no text"
2406742000001192201,"18 Wall End Court, E6 2NW",zoho,18 Wall End Gas Cert 21.6.24.pdf,gas,,2024-06-21,,no,low,"attached to Zoho 2023-06-26; scanned, no text"
2406742000001192201,"18 Wall End Court, E6 2NW",zoho,18 Wall End Gas Cert 8.3.25.pdf,gas,,2025-03-08,OCR: kW/h or Btu/h Pass/Fai/NA Yes/No Pass/Fail/NA Pass/Fai/NA (if applicable) Yes/No Yes/No Pass/Fail/NA Yes/No Name (Mr/Mrs/Miss/Ms) 19. Smt Pe,no,low,"attached to Zoho 2024-03-20; scanned, no text"
2406742000001192201,"18 Wall End Court, E6 2NW",zoho,18 wall end Gass safe cert - 20-03-27.pdf,gas,,2027-03-20,OCR: PansfalNA Yeu No Pass FalhuA PassFaINA Nes No Yes/No Teоtк Locabo Тнлыс Name (Mr/Mrs/Miss/Ms) 1Laokles Pess Pasr 0.0009 NO Address IT wall e,no,low,"attached to Zoho 2026-03-26; scanned, no text"
2406742000001192201,"18 Wall End Court, E6 2NW",zoho,"Gas cert for 18 Wall End E6 2NW, 2026.pdf",gas,,,OCR: Name (Me/Mrs/Miss/Ms) 1ast bar ves PeSs 0•0009 Address if wall End Corutt N/A Safety Related Defect(•) Identified GUSP clasaiicanon •g ALO P,no,low,"attached to Zoho 2025-03-24; scanned, no text"
2406742000001192201,"18 Wall End Court, E6 2NW",zoho,18 Wall End - Property License.pdf,licence,,,"OCR: Flat 18, Wall End Court, Wall End Road, East Ham, London, E6 2NW",no,low,"attached to Zoho 2025-02-12; scanned, no text"
2406742000001192201,"18 Wall End Court, E6 2NW",zoho,Draft Property License 18 Wall End.png,licence,,,,no,low,"attached to Zoho 2025-01-14; image attachment, not downloaded"
2406742000079245317,"19 Lancaster House, Brownrigg Drive, Cramlington, NE23 6UN",zoho,19 Lancaster EICR.pdf,EICR,,,"OCR: 19 Lancaster House Brownrigg Drive Cramlington, Northumberland NE23 6UN Description of premises: Domestic N/A Commercial N/A Industrial N/A ",no,low,"attached to Zoho 2026-03-26; scanned, no text; OCR (unverified) next inspection date: 2031-03-25"
2406742000079245317,"19 Lancaster House, Brownrigg Drive, Cramlington, NE23 6UN",zoho,EPC - 19 Lancaster.pdf,EPC,2036-04-11,,19 Lancaster House Brownrigg Drive CRAMLINGTON NE23 6UN,yes,high,attached to Zoho 2026-04-13; valid until
2406742000081143036,"1A Lancaster House, Browrigg Drive, Cramlington, NE23 6UN",zoho,EICR - 1a Lancaster.pdf,EICR,,,"OCR: 1a Lancaster House, Brownrigg Drive Cramlington Northumberland NE23 GUN Description of premises: Domestic N/A Commercial N/A Industrial N/A ",no,low,"attached to Zoho 2026-07-31; scanned, no text; OCR (unverified) inspection 2026-07-02 + 5 years (interval not found): 2031-07-02"
2406742000081143036,"1A Lancaster House, Browrigg Drive, Cramlington, NE23 6UN",zoho,EPC - 1A Lancaster.pdf,EPC,2036-04-12,,1A Lancaster House Brownrigg Drive CRAMLINGTON NE23 6UN,yes,medium,"attached to Zoho 2026-07-31; valid until; document address reads as 1A Lancaster House, Browrigg Drive, Cramlington, NE23 6UN (same building, unit not confirmed); address in document not confirmed"
2406742000079865310,"2 Lancaster House, Brownrigg Drive, Cramlington, NE23 6UN",zoho,EICR - 2 Lancaster House.pdf,EICR,,,"OCR: 2 Lancaster House, Brownrigg Drive Cramlington Northumberland NE23 6UN Description of premises: Domestic N/A Commercial N/A Industrial N/A O",no,low,"attached to Zoho 2026-05-19; scanned, no text; OCR (unverified) next inspection date: 2031-04-22"
2406742000079865310,"2 Lancaster House, Brownrigg Drive, Cramlington, NE23 6UN",zoho,EPC - 2 Lancaster House.pdf,EPC,2036-04-12,,2 Lancaster House Brownrigg Drive CRAMLINGTON NE23 6UN,yes,high,attached to Zoho 2026-05-19; valid until
2406742000012231001,2 The Cornfields HP1 1UA,zoho,"2, confield EICR 2030.jpg",EICR,,,,no,low,"attached to Zoho 2025-05-28; image attachment, not downloaded"
2406742000012231001,2 The Cornfields HP1 1UA,zoho,Cornfields EPC.pdf,EPC,2029-04-03,,"2, The Cornfields, HEMEL HEMPSTEAD, HP1 1UA",yes,high,attached to Zoho 2020-02-27; date of certificate 2019-04-04 + 10 years - 1 day (gov.uk convention)
2406742000079171001,"20 Lancaster House, Brownrigg Dr, Cramlington NE23 6UN",zoho,20 Lancaster EICR.pdf,EICR,,,"OCR: 20 Lancaster House Brownrigg Drive Cramlington, Northumberland NE23 6UN Description of premises: Domestic N/A Commercial N/A Industrial N/A ",no,low,"attached to Zoho 2026-03-26; scanned, no text; OCR (unverified) next inspection date: 2031-03-25"
2406742000079171001,"20 Lancaster House, Brownrigg Dr, Cramlington NE23 6UN",zoho,EPC - 20 Lancaster House.pdf,EPC,2036-04-12,,20 Lancaster House Brownrigg Drive CRAMLINGTON NE23 6UN,yes,high,attached to Zoho 2026-04-21; valid until
2406742000079374003,"21 Lancaster House, Brownrigg Drive, Cramlington, NE23 6UN",zoho,21 Lancaster EICR.pdf,EICR,,,"OCR: 21 Lancaster House Brownrigg Drive Cramlington, Northumberland NE23 6UN Description of premises: Domestic N/A Commercial N/A Industrial N/A ",no,low,"attached to Zoho 2026-04-01; scanned, no text; OCR (unverified) next inspection date: 2031-03-25"
2406742000079374003,"21 Lancaster House, Brownrigg Drive, Cramlington, NE23 6UN",zoho,EPC - 21 Lancaster.pdf,EPC,2036-04-11,,21 Lancaster House Brownrigg Drive CRAMLINGTON NE23 6UN,yes,high,attached to Zoho 2026-04-13; valid until
2406742000079188197,"22 Lancaster House, Brownrigg Drive, Cramlington, NE23 6UN",zoho,22 Lancaster EICR.pdf,EICR,,,"OCR: 22 Lancaster House Brownrigg Drive Cramlington, Northumberland NE23 6UN Description of premises: Domestic N/A Commercial N/A Industrial N/A ",no,low,"attached to Zoho 2026-03-26; scanned, no text; OCR (unverified) next inspection date: 2031-03-25"
2406742000079188197,"22 Lancaster House, Brownrigg Drive, Cramlington, NE23 6UN",zoho,EPC - 22 Lancaster.pdf,EPC,2036-04-11,,22 Lancaster House Brownrigg Drive CRAMLINGTON NE23 6UN,yes,high,attached to Zoho 2026-04-13; valid until
2406742000079675190,"23 Lancaster House, Brownrigg Drive, Cramlington, NE23 6UN",zoho,23 Lancaster EICR.pdf,EICR,,,"OCR: 23 Lancaster House Brownrigg Drive Cramlington, Northumberland NE23 6UN Description of premises: Domestic N/A Commercial N/A Industrial N/A ",no,low,"attached to Zoho 2026-04-27; scanned, no text; OCR (unverified) next inspection date: 2031-03-25"
2406742000079675190,"23 Lancaster House, Brownrigg Drive, Cramlington, NE23 6UN",zoho,EPC - 23 Lancaster.pdf,EPC,2036-04-12,,23 Lancaster House Brownrigg Drive CRAMLINGTON NE23 6UN,yes,high,attached to Zoho 2026-04-13; valid until
2406742000079715001,"24 Lancaster House, Brownrigg Drive, Cramlington NE23 6UN",zoho,24 Lancaster EICR.pdf,EICR,,,"OCR: 24 Lancaster House Brownrigg Drive Cramlington, Northumberland NE23 GUN Description of premises: Domestic N/A Commercial N/A Industrial N/A ",no,low,"attached to Zoho 2026-04-16; scanned, no text; OCR (unverified) next inspection date: 2031-03-25"
2406742000079715001,"24 Lancaster House, Brownrigg Drive, Cramlington NE23 6UN",zoho,EPC - 24 Lancaster.pdf,EPC,2036-04-12,,24 Lancaster House Brownrigg Drive CRAMLINGTON NE23 6UN,yes,high,attached to Zoho 2026-04-16; valid until
2406742000001950006,"26 Kenilworth Gardens, IG10 3AF",zoho,"26, kenlworth gardens EICR 2030.jpg",EICR,,,,no,low,"attached to Zoho 2025-05-28; image attachment, not downloaded"
2406742000001950006,"26 Kenilworth Gardens, IG10 3AF",zoho,"26, kenworth garden EICR - 14.04.30.pdf",EICR,,2030-04-14,"OCR: (TaP FL62) 53. COOPERLANE MCHELLE MURRAY I/We, being the person responsible for the inspection and testing of the electrical installation (a",no,low,"attached to Zoho 2025-06-24; scanned, no text"
2406742000001950006,"26 Kenilworth Gardens, IG10 3AF",zoho,26 Kenilworth EPC 2.05.2023 (1).pdf,EPC,,2023-05-02,"OCR: 26, Kenilworth Gardens, LOUGHTON, IG10 3AF",no,low,"attached to Zoho 2019-11-22; scanned, no text; OCR (unverified) date of certificate 2013-05-03 + 10 years - 1 day (gov.uk convention): 2023-05-02"
2406742000001950006,"26 Kenilworth Gardens, IG10 3AF",zoho,"26 Kenilworth EPC, 16.5.2033.pdf",EPC,2033-05-15,2033-05-16,26 Kenilworth Gardens LOUGHTON IG10 3AF,yes,high,attached to Zoho 2023-05-18; valid until
2406742000001950006,"26 Kenilworth Gardens, IG10 3AF",zoho,26 KENILWORTH GARDENS. Electric Cert 16.03.2024.pdf,electrical,,2024-03-16,,no,low,"attached to Zoho 2019-11-22; text layer is the blank NICEIC form template (sample data), real certificate is an image; scanned, no text"
2406742000001950006,"26 Kenilworth Gardens, IG10 3AF",zoho,26 Kenilworth Garden Gas cert 2.6.22.jpg,gas,,2022-06-02,,no,low,"attached to Zoho 2021-06-12; image attachment, not downloaded"
2406742000001950006,"26 Kenilworth Gardens, IG10 3AF",zoho,"26 Kenilworth garden gas certificate,2.6.2021.jpeg",gas,,2021-06-02,,no,low,"attached to Zoho 2020-06-05; image attachment, not downloaded"
2406742000001950006,"26 Kenilworth Gardens, IG10 3AF",zoho,"Gas Cert for 26 Kenilworth Gardens, IG10 3AF, 24.08.24.pdf",gas,,2024-08-24,OCR: kW/h or Btu/h Pass/Fail/NA Yes/No Pass/Fai/NA Pass/Fail/NA (it applicatle) Yes/No Yes/No Pass/Fail/NA Yes/No Name (Mr/Mrs/Miss/Ms)_ Pcяs Yes,no,low,"attached to Zoho 2023-08-25; scanned, no text"
2406742000001950006,"26 Kenilworth Gardens, IG10 3AF",zoho,Gas Certificate Ref47480143  08.07.2020.pdf,gas,,2020-07-08,,no,low,"attached to Zoho 2019-11-22; scanned, no text"
2406742000001950006,"26 Kenilworth Gardens, IG10 3AF",zoho,"Gas cert for 26 Kenilworth gardens IG10, 1st Oct 2026.pdf",gas,,2026-10-01,"OCR: Name (Mr/Mrs/Miss/Ms) Gas Safe Register No . 8178 392275 Outcome of gas tightness test? Number of Appliances tested Lane, leyon Cohir Shect,",no,low,"attached to Zoho 2025-10-01; scanned, no text"
2406742000001950006,"26 Kenilworth Gardens, IG10 3AF",zoho,"Gas cert for 26 Kenilworth gardens IG10, 27-aug-2025.pdf",gas,,2025-08-27,OCR: Pass/FalNA Yes/No Pass/Fail/NA Pass/Fail/NA Yes/No Yes/No Locatior (if fittoc Tested Location at fittod Testec Name (Mr/Mrs/Miss/Ms) 19mbr P,no,low,"attached to Zoho 2024-09-23; scanned, no text"
2406742000001950006,"26 Kenilworth Gardens, IG10 3AF",zoho,"26 Kenilworth Garden Gas cerificate, 2.9.23.pdf",gas,2023-09-02,2023-09-02,Name: Michelle Murray Address: 26 Kenilworth Gardens Loughton Essex Postcode: ig103af Contact Number: Appliance Details Location Type Manufa,yes,high,attached to Zoho 2022-10-24; next check due
2406742000079188027,"26 Lancaster House, Brownrigg Drive, Cramlington, NE23 6UN",zoho,Flat 26 Lancaster - EICR.pdf,EICR,,,"OCR: 26 Lancaster House Brownrigg Drive Cramlington, Northumberland NE23 GUN Description of premises: Domestic N/A Commercial N/A Industrial N/A ",no,low,"attached to Zoho 2026-04-01; scanned, no text; OCR (unverified) next inspection date: 2031-03-25"
2406742000079188027,"26 Lancaster House, Brownrigg Drive, Cramlington, NE23 6UN",zoho,Flat 26 Lancaster - EPC.pdf,EPC,,,OCR: 26 Lancaster House,no,low,"attached to Zoho 2026-04-01; scanned, no text; OCR (unverified) valid until: 2036-03-31"
2406742000079245350,"26a Lancaster House, Brownrigg Drive, Cramlington, NE23 6UN",zoho,26a Lancaster EICR.pdf,EICR,,,"OCR: 26a Lancaster House Brownrigg Drive Cramlington, Northumberland NE23 6UN Description of premises: Domestic N/A Commercial N/A Industrial N/A",no,low,"attached to Zoho 2026-03-26; scanned, no text; OCR (unverified) next inspection date: 2031-03-25"
2406742000079245350,"26a Lancaster House, Brownrigg Drive, Cramlington, NE23 6UN",zoho,EPC - 26a Lancaster.pdf,EPC,2036-04-12,,26A Lancaster House Brownrigg Drive CRAMLINGTON NE23 6UN,yes,medium,"attached to Zoho 2026-07-31; valid until; document address reads as 26a Lancaster House, Brownrigg Drive, Cramlington, NE23 6UN (same building, unit not confirmed); address in document not confirmed"
2406742000079828001,"27 Lancaster House, Brownrigg Drive, Cramlington NE23 6UN",zoho,EICR - 27 Lancaster.pdf,EICR,,,"OCR: 27 Lancaster House Brownrigg Drive Cramlington, Northumberland NE23 6UN Description of premises: Domestic N/A Commercial N/A Industrial N/A ",no,low,"attached to Zoho 2026-04-18; scanned, no text; OCR (unverified) next inspection date: 2031-03-25"
2406742000079828001,"27 Lancaster House, Brownrigg Drive, Cramlington NE23 6UN",zoho,EPC - 27 Lancaster.pdf,EPC,2036-04-12,,27 Lancaster House Brownrigg Drive CRAMLINGTON NE23 6UN,yes,high,attached to Zoho 2026-04-18; valid until
2406742000079828055,"28 Lancaster House, Brownrigg Dr, Cramlington NE23 6UN",zoho,EICR - 28 Lancester house.pdf,EICR,,,"OCR: 28 Lancaster House Brownrigg Drive Cramlington, Northumberland NE23 GUN Description of premises: Domestic N/A Commercial N/A Industrial N/A ",no,low,"attached to Zoho 2026-04-18; scanned, no text; OCR (unverified) next inspection date: 2031-03-25"
2406742000079828055,"28 Lancaster House, Brownrigg Dr, Cramlington NE23 6UN",zoho,EPC - 28 Lancaster.pdf,EPC,2036-04-12,,28 Lancaster House Brownrigg Drive CRAMLINGTON NE23 6UN,yes,high,attached to Zoho 2026-04-18; valid until
2406742000002373748,"28a Kenilworth Gardens, IG10 3AF",zoho,"28, Kenilworth Gardens - EPC.pdf",EPC,2020-11-10,,"11 November 2010 28, Kenilworth Gardens, LOUGHTON, IG10 3AF",yes,high,attached to Zoho 2019-07-18; date of certificate 2010-11-11 + 10 years - 1 day (gov.uk convention)
2406742000079774222,"29 Lancaster House, Brownrigg Drive, Cramlington, NE23 6UN",zoho,EICR - 29 Lancester house.pdf,EICR,,,"OCR: 29 Lancaster House Brownrigg Drive Cramlington, Northumberland NE23 GUN Description of premises: Domestic N/A Commercial N/A Industrial N/A ",no,low,"attached to Zoho 2026-04-17; scanned, no text; OCR (unverified) next inspection date: 2031-03-25"
2406742000079774222,"29 Lancaster House, Brownrigg Drive, Cramlington, NE23 6UN",zoho,EPC - 29 Lancaster.pdf,EPC,2036-04-12,,29 Lancaster House Brownrigg Drive CRAMLINGTON NE23 6UN,yes,high,attached to Zoho 2026-04-17; valid until
2406742000079865047,"3 Lancaster House, Browrigg Drive, Cramlington, NE23 6UN",zoho,EICR - 3 Lancaster House.pdf,EICR,,,"OCR: 3 Lancaster House, Brownrigg Drive Cramlington Northumberland NE23 6UN Description of premises: Domestic N/A Commercial N/A Industrial N/A O",no,low,"attached to Zoho 2026-04-23; scanned, no text; OCR (unverified) next inspection date: 2031-04-22"
2406742000079865047,"3 Lancaster House, Browrigg Drive, Cramlington, NE23 6UN",zoho,EPC - 3 Lancaster House.pdf,EPC,2036-04-12,,3 Lancaster House Brownrigg Drive CRAMLINGTON NE23 6UN,yes,high,attached to Zoho 2026-04-23; valid until
2406742000011018050,"3 Radley Court, 144 Selhurst Rd, London SE25 6LP",zoho,"Flat 3, Radley Court - EPC.PDF",EPC,2028-10-19,,"Flat 3 Radley Court, 144, Selhurst Road, LONDON, SE25 6LP",yes,high,attached to Zoho 2019-09-19; date of certificate 2018-10-20 + 10 years - 1 day (gov.uk convention)
2406742000011018050,"3 Radley Court, 144 Selhurst Rd, London SE25 6LP",zoho,Flat 3 Radley Court EPC.pdf,EPC,2030-02-02,,"Flat 3 Radley Court, 144, Selhurst Road, LONDON, SE25 6LP",yes,high,attached to Zoho 2020-02-05; date of certificate 2020-02-03 + 10 years - 1 day (gov.uk convention)
2406742000011018050,"3 Radley Court, 144 Selhurst Rd, London SE25 6LP",zoho,3 Radley Court Gas Certificate 19.7.2021.pdf,gas,,2021-07-19,,no,low,"attached to Zoho 2020-07-21; scanned, no text"
2406742000011018050,"3 Radley Court, 144 Selhurst Rd, London SE25 6LP",zoho,3 Radley Court gas cert 13.7.22.jpg,gas,,2022-07-13,,no,low,"attached to Zoho 2021-07-17; image attachment, not downloaded"
2406742000011018050,"3 Radley Court, 144 Selhurst Rd, London SE25 6LP",zoho,"Gas Cert - 3 Radley Court, 144 Selhurst Road, 28.10.24.pdf",gas,,2024-10-28,OCR: Name (Mr/Mrs/Miss/Ms) Name (Mr/Mrs/Miss/Ms) Gas Sate Register No LAD 181550 Outcome of gas tightness test? Number of Appliances tested Detai,no,low,"attached to Zoho 2023-10-16; scanned, no text"
2406742000011018050,"3 Radley Court, 144 Selhurst Rd, London SE25 6LP",zoho,Gas Cert Redlay court 3-oct-2026.pdf,gas,,2026-10-03,OCR: Location Tested Location Tested Rass Name (Mr/Mrs/Miss/Ms) 24.1kv 4e) Pass Pass 0.000 7 No hes Pan JPaO Pаs Dra C 7-4ku Pass YeS N/A NiA Pan,no,low,"attached to Zoho 2025-10-08; scanned, no text"
2406742000011018050,"3 Radley Court, 144 Selhurst Rd, London SE25 6LP",zoho,Gas Certificate Radley Court .pdf,gas,,,,no,low,"attached to Zoho 2020-02-06; scanned, no text"
2406742000011018050,"3 Radley Court, 144 Selhurst Rd, London SE25 6LP",zoho,Gas Certificate Radley Court .pdf,gas,,,,no,low,"attached to Zoho 2020-02-04; scanned, no text"
2406742000011018050,"3 Radley Court, 144 Selhurst Rd, London SE25 6LP",zoho,"Gas cert for 3 Radley Court, Selhurst Raod SE25, 29-sep-2025.pdf",gas,,2025-09-29,OCR: Name (Mr/Mrs/Miss/Ms) Name (Mr/Mrs/Miss/Ms) Gas Safe Register No 7815 086508 Outcome of gas tightness test? Number of Appliances tested Post,no,low,"attached to Zoho 2024-10-04; scanned, no text"
2406742000011018050,"3 Radley Court, 144 Selhurst Rd, London SE25 6LP",zoho,Radley Court Gas certificate. 9.1.23.pdf,gas,2024-01-09,2023-01-09,Name: Beaumont residential Address: Flat 3 Radley Court London Postcode: se256lp Contact Number: Appliance Details Location Type Manufacture,yes,high,attached to Zoho 2023-01-10; next check due
2406742000011018050,"3 Radley Court, 144 Selhurst Rd, London SE25 6LP",zoho,Radley Property License .pdf,licence,,,3 Radley Court 144 Selhurst Road South Norwood SE 25 6 LP,yes,low,attached to Zoho 2020-04-23; valid until; DRAFT licence
2406742000011018050,"3 Radley Court, 144 Selhurst Rd, London SE25 6LP",zoho,3 Radley court property license.pdf,licence,2020-09-30,,3 Radley Court 144 Selhurst Road South Norwood SE 25 6 LP,yes,high,attached to Zoho 2020-05-20; valid until
2406742000079828009,"30 Lancaster House, Brownrigg Drive, Cramlington NE23 6UN",zoho,EICR - 30 Lancester house.pdf,EICR,,,"OCR: 30 Lancaster House Brownrigg Drive Cramlington, Northumberland NE23 GUN Description of premises: Domestic N/A Commercial N/A Industrial N/A ",no,low,"attached to Zoho 2026-04-18; scanned, no text; OCR (unverified) next inspection date: 2031-03-25"
2406742000079828009,"30 Lancaster House, Brownrigg Drive, Cramlington NE23 6UN",zoho,EPC - 30 Lancaster.pdf,EPC,2036-04-12,,30 Lancaster House Brownrigg Drive CRAMLINGTON NE23 6UN,yes,high,attached to Zoho 2026-04-18; valid until
2406742000081287001,"31 Lancaster House, Brownrigg Drive, Cramlington, NE23 6UN",zoho,EICR - 31 Lancester house.pdf,EICR,,,"OCR: 31 Lancaster House Brownrigg Drive Cramlington, Northumberland NE23 6UN Description of premises: Domestic N/A Commercial N/A Industrial N/A ",no,low,"attached to Zoho 2026-07-08; scanned, no text; OCR (unverified) next inspection date: 2031-03-25"
2406742000081287001,"31 Lancaster House, Brownrigg Drive, Cramlington, NE23 6UN",zoho,EPC - 31 Lancaster.pdf,EPC,2036-04-12,,31 Lancaster House Brownrigg Drive CRAMLINGTON NE23 6UN,yes,high,attached to Zoho 2026-07-08; valid until
2406742000081956022,"32 Lancaster House, Brownrigg Drive, Cramlington, NE23 6UN",zoho,EICR - 32 Lancaster.pdf,EICR,,,"OCR: 32 Lancaster House, Brownrigg Drive Cramlington Northumberland NE23 6UN Description of premises: Domestic N/A Commercial N/A Industrial N/A ",no,low,"attached to Zoho 2026-08-27; scanned, no text; OCR (unverified) inspection 2026-07-02 + 5 years (interval not found): 2031-07-02"
2406742000081956022,"32 Lancaster House, Brownrigg Drive, Cramlington, NE23 6UN",zoho,EPC - 32 Lancaster House.pdf,EPC,2036-08-17,,32 Lancaster House Brownrigg Drive CRAMLINGTON NE23 6UN,yes,high,attached to Zoho 2026-08-27; valid until
2406742000039924091,32D Hollybush Lodge E10 5JD,drive,2023-03-28__propertysauce-co__32D Hollybush EPC.pdf,EPC,2030-10-07,,32D HOLLYBUSH LODGE GRANGE ROAD LEYTON E10 5JD,yes,high,"email date 2023-03-28; matched by filename (high: street:1.0,housenum); valid until"
2406742000039924091,32D Hollybush Lodge E10 5JD,zoho,32D Hollybush EPC.pdf,EPC,2030-10-07,,32D HOLLYBUSH LODGE GRANGE ROAD LEYTON E10 5JD,yes,high,attached to Zoho 2022-02-15; valid until
2406742000039924091,32D Hollybush Lodge E10 5JD,zoho,101 Fortitude Properties Licence 15 Aug 2028.pdf,licence,2028-08-15,2028-08-15,"32d, Hollybush Lodge Grange Road London E10 5JD",yes,high,attached to Zoho 2023-09-26; expiry date
2406742000079660210,"32a Lancaster House, Brownrigg Dr, Cramlington NE23 6UN",zoho,EICR - 32a Lancester house.pdf,EICR,,,"OCR: 32a Lancaster House Brownrigg Drive Cramlington, Northumberland NE23 6UN Description of premises: Domestic N/A Commercial N/A Industrial N/A",no,low,"attached to Zoho 2026-04-14; scanned, no text; OCR (unverified) next inspection date: 2031-03-25"
2406742000079660210,"32a Lancaster House, Brownrigg Dr, Cramlington NE23 6UN",zoho,EPC - 32a Lancaster.pdf,EPC,2036-04-12,,32A Lancaster House CRAMLINGTON NE23 6UN,yes,medium,"attached to Zoho 2026-04-14; valid until; document address reads as 32a Lancaster House, Brownrigg Dr, Cramlington NE23 6UN (same building, unit not confirmed); address in document not confirmed"
2406742000080933125,"32b Lancaster House, Brownrigg Drive, Cramlington , NE23 6UN",zoho,EICR -  - 32b Lancester house.pdf,EICR,,,"OCR: 32b Lancaster House Brownrigg Drive Cramlington, Northumberland NE23 GUN Description of premises: Domestic N/A Commercial N/A Industrial N/A",no,low,"attached to Zoho 2026-06-19; scanned, no text; OCR (unverified) next inspection date: 2031-03-25"
2406742000080933125,"32b Lancaster House, Brownrigg Drive, Cramlington , NE23 6UN",zoho,EPC - 32b Lancaster.pdf,EPC,2036-04-12,,32B Lancaster House CRAMLINGTON NE23 6UN,yes,medium,"attached to Zoho 2026-06-19; valid until; document address reads as 32b Lancaster House, Brownrigg Drive, Cramlington , NE23 6UN (same building, unit not confirmed); address in document not confirmed"
2406742000079245370,"32c Lancaster House, Brownrigg Drive, Cramlington, NE23 6UN",zoho,EPC - 32c Lancaster.pdf,EPC,2036-04-12,,32C Lancaster House Brownrigg Drive CRAMLINGTON NE23 6UN,yes,medium,"attached to Zoho 2026-07-31; valid until; document address reads as 32c Lancaster House, Brownrigg Drive, Cramlington, NE23 6UN (same building, unit not confirmed); address in document not confirmed"
2406742000081223129,"33 Lancaster House, Brownrigg Drive, Cramlington, NE23 6UN",zoho,EICR - 33 lancaster.pdf,EICR,,,"OCR: 33 Lancaster House, Brownrigg Drive Cramlington Northumberland NE23 6UN Description of premises: Domestic N/A Commercial N/A Industrial N/A ",no,low,"attached to Zoho 2026-07-03; scanned, no text; OCR (unverified) next inspection date: 2031-06-02"
2406742000081223129,"33 Lancaster House, Brownrigg Drive, Cramlington, NE23 6UN",zoho,EPC - 33 Lancaster House.pdf,EPC,2036-04-12,,33 Lancaster House Brownrigg Drive CRAMLINGTON NE23 6UN,yes,high,attached to Zoho 2026-07-03; valid until
2406742000080619001,"34 Lancaster House, Brownrigg Drive, Cramlington, NE23 6UN",zoho,EICR - 34 Lancaster.pdf,EICR,,,"OCR: 34 Lancaster House, Brownrigg Drive Cramlington Northumberland NE23 GUN Description of premises: Domestic N/A Commercial N/A Industrial N/A ",no,low,"attached to Zoho 2026-06-03; scanned, no text; OCR (unverified) next inspection date: 2031-06-01"
2406742000080619001,"34 Lancaster House, Brownrigg Drive, Cramlington, NE23 6UN",zoho,EPC - 34 Lancaster.pdf,EPC,2036-04-12,,34 Lancaster House Brownrigg Drive CRAMLINGTON NE23 6UN,yes,high,attached to Zoho 2026-06-02; valid until
2406742000080629227,"35 Lancaster House, Brownrigg Drive, Cramlington, NE23 6UN",zoho,EICR - 35 Lancaster.pdf,EICR,,,"OCR: 35 Lancaster House, Brownrigg Drive Cramlington Northumberland NE23 6UN Description of premises: Domestic N/A Commercial N/A Industrial N/A ",no,low,"attached to Zoho 2026-06-03; scanned, no text; OCR (unverified) next inspection date: 2031-06-01"
2406742000080629227,"35 Lancaster House, Brownrigg Drive, Cramlington, NE23 6UN",zoho,EPC - 35 Lancaster.pdf,EPC,2036-04-12,,35 Lancaster House Brownrigg Drive CRAMLINGTON NE23 6UN,yes,high,attached to Zoho 2026-06-03; valid until
2406742000079245438,"36 Lancaster House, Brownrigg Drive, Cramlington, NE23 6UN",zoho,EICR - 36 Lancaster.pdf,EICR,,,"OCR: 36 Lancaster House, Brownrigg Drive Cramlington Northumberland NE23 GUN Description of premises: Domestic N/A Commercial N/A Industrial N/A ",no,low,"attached to Zoho 2026-07-08; scanned, no text; OCR (unverified) next inspection date: 2031-06-02"
2406742000079245438,"36 Lancaster House, Brownrigg Drive, Cramlington, NE23 6UN",zoho,EPC - 36 Lancaster.pdf,EPC,2036-04-12,,36 Lancaster House Brownrigg Drive CRAMLINGTON NE23 6UN,yes,high,attached to Zoho 2026-07-08; valid until
2406742000081745022,"37 Lancaster House, Brownrigg Drive, Cramlington, NE23 6UN",zoho,EICR - 37 Lancaster.pdf,EICR,,,"OCR: 37 Lancaster House, Brownrigg Drive Cramlington Northumberland NE23 GUN Description of premises: Domestic N/A Commercial N/A Industrial N/A ",no,low,"attached to Zoho 2026-07-30; scanned, no text; OCR (unverified) next inspection date: 2031-06-02"
2406742000081745022,"37 Lancaster House, Brownrigg Drive, Cramlington, NE23 6UN",zoho,EPC - 37 Lancaster.pdf,EPC,2036-04-12,,37 Lancaster House Brownrigg Drive CRAMLINGTON NE23 6UN,yes,high,attached to Zoho 2026-07-30; valid until
2406742000081287004,"38 Lancaster House, Brownrigg Drive, Cramlington, NE23 6UN",zoho,EICR - 38 Lancaster.pdf,EICR,,,"OCR: 38 Lancaster House, Brownrigg Drive Cramlington Northumberland NE23 GUN Description of premises: Domestic N/A Commercial N/A Industrial N/A ",no,low,"attached to Zoho 2026-07-08; scanned, no text; OCR (unverified) next inspection date: 2031-06-01"
2406742000081287004,"38 Lancaster House, Brownrigg Drive, Cramlington, NE23 6UN",zoho,EPC - 38 Lancaster.pdf,EPC,2036-04-12,,38 Lancaster House Brownrigg Drive CRAMLINGTON NE23 6UN,yes,high,attached to Zoho 2026-07-08; valid until
2406742000080588001,"39 Lancaster House, Brownrigg Drive, Cramlington, NE23 6UN",zoho,EICR - 39 Lancaster.pdf,EICR,,,"OCR: 39 Lancaster House, Brownrigg Drive Cramlington Northumberland NE23 GUN Description of premises: Domestic N/A Commercial N/A Industrial N/A ",no,low,"attached to Zoho 2026-06-03; scanned, no text; OCR (unverified) next inspection date: 2031-06-01"
2406742000080588001,"39 Lancaster House, Brownrigg Drive, Cramlington, NE23 6UN",zoho,EPC - 39 Lancaster.pdf,EPC,2036-04-12,,39 Lancaster House Brownrigg Drive CRAMLINGTON NE23 6UN,yes,high,attached to Zoho 2026-05-30; valid until
2406742000061752001,"39 Palatine Road, Blackpool FY1 4BX",zoho,EICR 39 Palatine Road.pdf,EICR,,,"OCR: 39 Palatine Road, Blackpool , , FY1 4BX Email: N/A B. REASON FOR PRODUCING THIS REPORT Landlord electrical safety report Date(s) inspection ",no,low,"attached to Zoho 2024-05-01; scanned, no text; OCR (unverified) inspection 2024-02-19 + 5 years (interval not found): 2029-02-19"
2406742000061752001,"39 Palatine Road, Blackpool FY1 4BX",zoho,EPC 39 Palatine Road.pdf,EPC,2034-04-24,,39 Palatine Road BLACKPOOL FY1 4BX,yes,high,attached to Zoho 2024-04-26; valid until
2406742000061752001,"39 Palatine Road, Blackpool FY1 4BX",zoho,Landlrod Licence - 39 Palatine.PDF,licence,2030-03-31,,"39 Palatine Road, Blackpool, FY1 4BX",yes,high,attached to Zoho 2026-02-25; expiry date
2406742000082416001,"3a Lancaster House, Brownrigg Drive, Cramlington, NE23 6UN",zoho,3A Lancaster House - EICR.pdf,EICR,,,"OCR: Зa Lancaster House, Brownrigg Drive Cramlington Northumberland NE23 GUN Description of premises: Domestic N/A Commercial N/A Industrial N/A ",no,low,"attached to Zoho 2026-09-04; scanned, no text; OCR (unverified) inspection 2026-07-02 + 5 years (interval not found): 2031-07-02"
2406742000082416001,"3a Lancaster House, Brownrigg Drive, Cramlington, NE23 6UN",zoho,3a Lancaster - EPC.pdf,EPC,2036-04-12,,3A Lancaster House Brownrigg Drive CRAMLINGTON NE23 6UN,yes,medium,"attached to Zoho 2026-09-04; valid until; document address reads as 3a Lancaster House, Brownrigg Drive, Cramlington, NE23 6UN (same building, unit not confirmed); address in document not confirmed"
2406742000034662056,"4 High Street, Saffron Walden, Essex, CB10 1AY",zoho,EICR_Ref0794448390605.4highst (1).pdf,EICR,,,"OCR: (Ground Floors) 4 High street, Saffron Warden , Essex , CB10 1AY Email: N/A REASO HMO licence New Rewire Date(s) inspection and testing carr",no,low,"attached to Zoho 2022-06-03; scanned, no text; OCR (unverified) inspection 2022-05-24 + 5 years (interval not found): 2027-05-24"
2406742000034662056,"4 High Street, Saffron Walden, Essex, CB10 1AY",zoho,EICR_Ref0794448390605.4highst.pdf,EICR,,,"OCR: 4 ground floor High street, Saffron Warden , Essex , CB10 1AY Email: N/A REASOL HMO licence Date(s) inspection and testing carried out: 24/0",no,low,"attached to Zoho 2022-06-03; scanned, no text; OCR (unverified) inspection 2022-05-24 + 5 years (interval not found): 2027-05-24"
2406742000034662056,"4 High Street, Saffron Walden, Essex, CB10 1AY",zoho,EICR_Ref0794488960950.4highst (1).pdf,EICR,,,"OCR: (Loft) 4 High street, Saffron Warden , Essex , CB10 1AY Email: N/A REASO HMO licence New Rewire Date(s) inspection and testing carried out: ",no,low,"attached to Zoho 2022-06-03; scanned, no text; OCR (unverified) inspection 2022-05-24 + 5 years (interval not found): 2027-05-24"
2406742000034662056,"4 High Street, Saffron Walden, Essex, CB10 1AY",zoho,EICR_Ref0794488960950.4highst.pdf,EICR,,,"OCR: (1st Floor) 4 High street, Saffron Warden , Essex, CB10 1AY Email: N/A REASO HMO licence New Rewire Date(s) inspection and testing carried o",no,low,"attached to Zoho 2022-06-03; scanned, no text; OCR (unverified) inspection 2022-05-24 + 5 years (interval not found): 2027-05-24"
2406742000034662056,"4 High Street, Saffron Walden, Essex, CB10 1AY",zoho,4 High Street EPC.pdf,EPC,2030-01-13,,"4, High Street SAFFRON WALDEN CB10 1AY",yes,high,attached to Zoho 2021-11-30; valid until
2406742000034662056,"4 High Street, Saffron Walden, Essex, CB10 1AY",zoho,EPC Energy performance certificate 4 High St.pdf,EPC,2032-05-26,,4 High Street SAFFRON WALDEN CB10 1AY,yes,high,attached to Zoho 2022-06-03; valid until
2406742000034662056,"4 High Street, Saffron Walden, Essex, CB10 1AY",zoho,4 High Street gas certificate.jpg,gas,,,,no,low,"attached to Zoho 2023-06-13; image attachment, not downloaded"
2406742000034662056,"4 High Street, Saffron Walden, Essex, CB10 1AY",zoho,"Gas Cert, 4 High Street. 15.1.27.pdf",gas,,2027-01-15,,no,low,"attached to Zoho 2026-01-22; scanned, no text"
2406742000034662056,"4 High Street, Saffron Walden, Essex, CB10 1AY",zoho,Gas Safe May 2022 4 High St.pdf,gas,,,,no,low,"attached to Zoho 2022-06-03; scanned, no text; OCR (unverified) next check due: 2022-05-21"
2406742000034662056,"4 High Street, Saffron Walden, Essex, CB10 1AY",zoho,"Gas cert for 4 high street, CB10 1AY, 26-sep-2025.pdf",gas,,2025-09-26,OCR: Name (Mr/Mrs/Miss/Ms) Name (Mr/Mrs/Miss/Ms) Gas Safe Register No 7815 086506 Outcome of gas tightness test? Number of Appliances tested Deta,no,low,"attached to Zoho 2024-09-30; scanned, no text"
2406742000034662056,"4 High Street, Saffron Walden, Essex, CB10 1AY",zoho,Garage License.pdf,licence,,,"OCR: d ""the Licensor"") c/o Land Partners LLP, The Old Stables, Lyons Hall Road, Braintree, Essex, CM7 9SH",no,low,"attached to Zoho 2023-12-23; scanned, no text"
2406742000079865315,"4 Lancaster House, Brownrigg Drive, Cramlington, NE23 6UN",zoho,EICR - Flat 4 Lancaster.pdf,EICR,,,"OCR: 4 Lancaster House, Brownrigg Drive Cramlington Northumberland NE23 6UN Description of premises: Domestic N/A Commercial N/A Industrial N/A O",no,low,"attached to Zoho 2026-07-31; scanned, no text; OCR (unverified) next inspection date: 2031-05-16"
2406742000079865315,"4 Lancaster House, Brownrigg Drive, Cramlington, NE23 6UN",zoho,EPC - 4 Lancaster House.pdf,EPC,2036-04-12,,4 Lancaster House Brownrigg Drive CRAMLINGTON NE23 6UN,yes,high,attached to Zoho 2026-07-31; valid until
2406742000006012619,"4 Mayford Close, Beckenham, BR3 4XS",zoho,4 Mayford Close EICR 19 Oct 2029.pdf.pdf,EICR,,2029-10-19,"OCR: 7, NURTHYIEN DILIVE Address:. Address: 4, WORDFORD 4ACKN ESSEX Postoode:1422QJ TelN0:07S4100974/ Postcode: Tel No:......... Postcode:.3: PAR",no,low,"attached to Zoho 2024-11-05; scanned, no text"
2406742000006012619,"4 Mayford Close, Beckenham, BR3 4XS",zoho,4 Mayford Close EPC.pdf,EPC,2028-10-28,,"4, Mayford Close, BECKENHAM, BR3 4XS",yes,high,attached to Zoho 2019-08-13; date of certificate 2018-10-29 + 10 years - 1 day (gov.uk convention)
2406742000006012619,"4 Mayford Close, Beckenham, BR3 4XS",zoho,4 Mayford Close EIC 24.9.24.zip,electrical,,2024-09-24,,no,low,attached to Zoho 2023-08-17; not downloaded
2406742000081863001,"40 Lancaster House, Brownrigg Drive, Cramlington, NE23 6UN",zoho,EICR - 40 Lancaster.pdf,EICR,,,"OCR: 40 Lancaster House, Brownrigg Drive Cramlington Northumberland NE23 GUN Description of premises: Domestic N/A Commercial N/A Industrial N/A ",no,low,"attached to Zoho 2026-08-05; scanned, no text; OCR (unverified) next inspection date: 2031-06-02"
2406742000081863001,"40 Lancaster House, Brownrigg Drive, Cramlington, NE23 6UN",zoho,EPC - 40 Lancaster.pdf,EPC,2036-04-12,,40 Lancaster House Brownrigg Drive CRAMLINGTON NE23 6UN,yes,high,attached to Zoho 2026-08-05; valid until
2406742000080518024,"41 Lancaster House, Brownrigg Drive, Cramlington, NE23 6UN",zoho,41 Lancaster House - EICR.pdf,EICR,,,"OCR: 41 Lancaster House, Brownrigg Drive Cramlington Northumberland NE23 6UN Description of premises: Domestic N/A Commercial N/A Industrial N/A ",no,low,"attached to Zoho 2026-09-04; scanned, no text; OCR (unverified) next inspection date: 2031-06-02"
2406742000080518024,"41 Lancaster House, Brownrigg Drive, Cramlington, NE23 6UN",zoho,EPC - 41 Lancaster.pdf,EPC,2036-04-12,,41 Lancaster House Brownrigg Drive CRAMLINGTON NE23 6UN,yes,high,attached to Zoho 2026-05-25; valid until
2406742000080601008,"42 Lancaster House, Brownrigg Drive, Cramlington, NE23 6UN",zoho,EICR - 42 Lancaster.pdf,EICR,,,"OCR: 42 Lancaster House, Brownrigg Drive Cramlington Northumberland NE23 6UN Description of premises: Domestic N/A Commercial N/A Industrial N/A ",no,low,"attached to Zoho 2026-06-10; scanned, no text; OCR (unverified) next inspection date: 2031-06-01"
2406742000080601008,"42 Lancaster House, Brownrigg Drive, Cramlington, NE23 6UN",zoho,EPC - 42 Lancaster.pdf,EPC,2036-04-12,,42 Lancaster House Brownrigg Drive CRAMLINGTON NE23 6UN,yes,high,attached to Zoho 2026-06-10; valid until
2406742000080509054,"43 Lancaster House, Brownrigg Drive, Cramlington, NE23 6UN",zoho,EICR - 43 Lancaster.pdf,EICR,,,"OCR: 43 Lancaster House, Brownrigg Drive Cramlington Northumberland NE23 GUN Description of premises: Domestic N/A Commercial N/A Industrial N/A ",no,low,"attached to Zoho 2026-06-03; scanned, no text; OCR (unverified) next inspection date: 2031-06-02"
2406742000080509054,"43 Lancaster House, Brownrigg Drive, Cramlington, NE23 6UN",zoho,EPC - 43 Lancaster.pdf,EPC,2036-04-12,,43 Lancaster House Brownrigg Drive CRAMLINGTON NE23 6UN,yes,high,attached to Zoho 2026-05-23; valid until
2406742000081586005,"44 Lancaster House, Brownrigg Drive, Cramlington, NE23 6UN",zoho,EICR - 44 Lancaster.pdf,EICR,,,"OCR: 44 Lancaster House, Brownrigg Drive Cramlington Northumberland NE23 GUN Description of premises: Domestic N/A Commercial N/A Industrial N/A ",no,low,"attached to Zoho 2026-07-21; scanned, no text; OCR (unverified) next inspection date: 2031-06-02"
2406742000081586005,"44 Lancaster House, Brownrigg Drive, Cramlington, NE23 6UN",zoho,EPC - 44 Lancaster.pdf,EPC,2036-04-12,,44 Lancaster House Brownrigg Drive CRAMLINGTON NE23 6UN,yes,high,attached to Zoho 2026-07-21; valid until
2406742000006947092,"45a Seaview Road, Shoeburyness, SS3 9DX",zoho,"45a, Seaview - EICR - 25-0ct-30.pdf",EICR,,,"OCR: F.BP FLR 55. COOPERS LANE I/We, being the person responsible for the inspection and testing of the electrical installation (as indicated by ",no,low,"attached to Zoho 2025-11-06; scanned, no text"
2406742000006947092,"45a Seaview Road, Shoeburyness, SS3 9DX",zoho,Seaview EPC.pdf,EPC,2028-08-08,,"45a, Seaview Road, Shoeburyness, SOUTHEND-ON-SEA, SS3 9DX",yes,high,attached to Zoho 2020-02-27; date of certificate 2018-08-09 + 10 years - 1 day (gov.uk convention)
2406742000006947092,"45a Seaview Road, Shoeburyness, SS3 9DX",zoho,45a Seaview Rd Gas certificate 23.6.22.jpeg,gas,,2022-06-23,,no,low,"attached to Zoho 2021-06-23; image attachment, not downloaded"
2406742000006947092,"45a Seaview Road, Shoeburyness, SS3 9DX",zoho,"45a Seaview Road, Gas certificate, 4.6.2021.jpeg",gas,,2021-06-04,,no,low,"attached to Zoho 2020-06-06; image attachment, not downloaded"
2406742000006947092,"45a Seaview Road, Shoeburyness, SS3 9DX",zoho,"45a Seaview Road, Shoeburyness, SS3 9DX - Gas cert.10.7.24.pdf",gas,,2024-07-10,"OCR: Streel , Name (Mr/Mrs/Miss/Ms) Gas Safe Register No LAD 181528 Outoome of gas tightness test? Number of Appliances tested Postcode S53 90X S",no,low,"attached to Zoho 2023-07-11; scanned, no text"
2406742000006947092,"45a Seaview Road, Shoeburyness, SS3 9DX",zoho,Gas Cert 45a Seaview Road SS3 15-July-27.pdf,gas,,2027-07-15,"OCR: Gas Sate Register No _ 8486 655430 Outcome of gas tightness test? Number of Appliances tested Address Aist Aloor Lane, leuton Shoeburyness G",no,low,"attached to Zoho 2026-07-20; scanned, no text"
2406742000006947092,"45a Seaview Road, Shoeburyness, SS3 9DX",zoho,"Gas cert for 45a Seaview Road SS3, 13-07-2025.pdf",gas,,2025-07-13,OCR: Gas Safe Register No Name (Mr/Mrs/Miss/Ms) LAD 585291 Postcode E14 Зaт Outcome of gas tightness test? Number of Appliances tested 553 Shoebu,no,low,"attached to Zoho 2024-07-18; scanned, no text"
2406742000006947092,"45a Seaview Road, Shoeburyness, SS3 9DX",zoho,"Gas cert for 45a Seaview Road, 20-jul-2026.pdf",gas,,2026-07-20,OCR: e Residastal Lhal Top fioor 55 coppers Business Nym Piunbuf audd heahig El0 5DG,no,low,"attached to Zoho 2025-07-30; scanned, no text"
2406742000006947092,"45a Seaview Road, Shoeburyness, SS3 9DX",zoho,"45a Sea View Road gas certificate, 4.7.23.pdf",gas,2023-07-04,2023-07-04,Name: NSUK Address: 45a Seaview Road Southend-on-Sea Essex Postcode: ss39dx Contact Number: Appliance Details Location Type Manufacturer Mod,yes,high,attached to Zoho 2022-07-05; next check due
2406742000082416002,"4a Lancaster House, Brownrigg Drive, Cramlington, NE23 6UN",zoho,4A Lancaster House - EICR.pdf,EICR,,,"OCR: 4a Lancaster House, Brownrigg Drive Cramlington Northumberland NE23 GUN Description of premises: Domestic N/A Commercial N/A Industrial N/A ",no,low,"attached to Zoho 2026-09-04; scanned, no text; OCR (unverified) inspection 2026-07-02 + 5 years (interval not found): 2031-07-02"
2406742000082416002,"4a Lancaster House, Brownrigg Drive, Cramlington, NE23 6UN",zoho,4a Lancaster - EPC.pdf,EPC,2036-09-01,,4a Lancaster House Brownrigg Drive CRAMLINGTON NE23 6UN,yes,medium,"attached to Zoho 2026-09-04; valid until; document address reads as 4a Lancaster House, Brownrigg Drive, Cramlington, NE23 6UN (same building, unit not confirmed); address in document not confirmed"
2406742000079865320,"5 Lancaster House, Brownrigg Drive, Cramlington, NE23 6UN",zoho,EICR - 5 Lancaster.pdf,EICR,,,"OCR: 5 Lancaster House, Brownrigg Drive Cramlington Northumberland NE23 6UN Description of premises: Domestic N/A Commercial N/A Industrial N/A O",no,low,"attached to Zoho 2026-08-20; scanned, no text; OCR (unverified) inspection 2026-07-02 + 5 years (interval not found): 2031-07-02"
2406742000079865320,"5 Lancaster House, Brownrigg Drive, Cramlington, NE23 6UN",zoho,EPC - 5 Lancaster House.pdf,EPC,2036-04-12,,5 Lancaster House Brownrigg Drive CRAMLINGTON NE23 6UN,yes,high,attached to Zoho 2026-07-31; valid until
2406742000011657007,"50 Green Pond Close, E17 6EE",zoho,50 Green Pond Electric certificate 14.10.2025.pdf,EIC,,2025-10-14,OCR: address Green Pond Close 50 Green Pond Close London London Postcode: E17 Postcode: E17 DETAILS OF THE INSTALLATION The Installation Is Exten,no,low,"attached to Zoho 2020-10-17; scanned, no text; OCR (unverified) inspection 2020-10-15 + 5 years (interval not found): 2025-10-15"
2406742000011657007,"50 Green Pond Close, E17 6EE",zoho,50 Green Pond Electric certificate 14.10.2025.pdf,EIC,,2025-10-14,OCR: address Green Pond Close 50 Green Pond Close London London Postcode: E17 Postcode: E17 DETAILS OF THE INSTALLATION The Installation Is Exten,no,low,"attached to Zoho 2020-10-17; scanned, no text; OCR (unverified) inspection 2020-10-15 + 5 years (interval not found): 2025-10-15"
2406742000011657007,"50 Green Pond Close, E17 6EE",zoho,"50, Green pond EICR 8-oct-30.pdf",EICR,,2030-10-08,"OCR: 7, NUILTHVIEW DILIVE UPRN: W.00DFOR) GRRAN 1SSEX Address: ToßLn 55 COOsEls LANE Addres 5o GIZIZRN PON D CLOSE Postcode: /428Q0 LEYTON Lod Te",no,low,"attached to Zoho 2025-10-11; scanned, no text"
2406742000011657007,"50 Green Pond Close, E17 6EE",zoho,50 Green Pond Close EPC 17.02.2024.pdf,EPC,2024-02-17,2024-02-17,"50, Green Pond Close, LONDON, E17 6EE",yes,high,attached to Zoho 2019-11-22; date of certificate 2014-02-18 + 10 years - 1 day (gov.uk convention)
2406742000011657007,"50 Green Pond Close, E17 6EE",zoho,Energy performance certificate (EPC) - 25-6-2034.PDF,EPC,2034-06-25,2034-06-25,About this assessment Assessor’s declaration No related party Date of assessment 26 June 2024 Date of certiﬁcate 26 June 2024,yes,high,attached to Zoho 2024-07-01; valid until
2406742000011657007,"50 Green Pond Close, E17 6EE",zoho,"50 Green Pond Close, E17 - Electric Certificate 29.08.2024.pdf",electrical,,2024-08-29,,no,low,"attached to Zoho 2019-11-22; text layer is the blank NICEIC form template (sample data), real certificate is an image; scanned, no text"
2406742000011657007,"50 Green Pond Close, E17 6EE",zoho,50 Green Pond Licence_WAL-195317825058.pdf,licence,2029-06-25,,"50, Green Pond Close London E17 6EE",yes,high,attached to Zoho 2024-06-26; expiry date
2406742000003750086,"50c North Birkbeck, E11 4JG",zoho,50c NBB - EICR -15.12.26.pdf.pdf,EICR,,2026-12-15,OCR: ection and testing carried out: 15/12/2021 Occupier: N/A Flat 50c North Birkbeck Road London E11 4JG,no,low,"attached to Zoho 2025-12-18; scanned, no text; OCR (unverified) inspection 2021-12-15 + 5 years (interval not found): 2026-12-15"
2406742000003750086,"50c North Birkbeck, E11 4JG",zoho,50c North B. Electric Certificate 01.07.2025.pdf,EICR,,2025-07-01,OCR: 50 C NORTH BIRKBECK RD ANUAL REPORT LEYTONSTONE E11 4JG Dates(s) on which inspection and testing were carried out: 2ND JULY 2018 Description,no,low,"attached to Zoho 2019-12-06; scanned, no text; OCR (unverified) inspection 2018-07-02 + 5 years (interval not found): 2023-07-02"
2406742000003750086,"50c North Birkbeck, E11 4JG",zoho,EPC - 50c North Birbeck - 16.01.2028.pdf,EPC,2028-01-16,2028-01-16,"50c North Birkbeck Road, LONDON, E11 4JG",yes,high,attached to Zoho 2019-12-06; date of certificate 2018-01-17 + 10 years - 1 day (gov.uk convention)
2406742000003750086,"50c North Birkbeck, E11 4JG",zoho,"Gas Cert for 50c North  Birkbeck  Road  E11, 4 feb 2027.pdf",gas,,2027-02-04,,no,low,"attached to Zoho 2026-02-06; scanned, no text"
2406742000003750086,"50c North Birkbeck, E11 4JG",zoho,"Gas Cert for 50c North Birkbeck E11, 2024.pdf",gas,,,OCR: Name (Mr/Mrs/Miss/Ms) Name (Mr/Mrs/Miss/Ms) LAD585268 Outcome of gas tightness test? Number of Appliances tested Gas Safe Register No 662/4l,no,low,"attached to Zoho 2024-02-06; scanned, no text"
2406742000003750086,"50c North Birkbeck, E11 4JG",zoho,Gas Certificate 50c NB 30.05.2020.pdf,gas,,2020-05-30,,no,low,"attached to Zoho 2019-12-06; scanned, no text"
2406742000003750086,"50c North Birkbeck, E11 4JG",zoho,Gas cert for 50c North Birkbeck Road E11 - 4 Feb 2026.pdf,gas,,2026-02-04,OCR: Name (Mr/Mrs/Miss/Ms) Birkbeck Name (Mr/Mrs/Miss/Ms) Gas Safe Register No 7815 086527 Outcome of gas tightness test? Number of Appliances te,no,low,"attached to Zoho 2025-04-07; scanned, no text"
2406742000003750086,"50c North Birkbeck, E11 4JG",zoho,50C North BB Gas certificate 1.2.24 (2).pdf,gas,2024-02-01,2024-02-01,td 167 Prospect Rd 5251466 Woodford Green Essex Appliance Details Inspection Details ephone: IG8 7ND,yes,medium,attached to Zoho 2023-02-10; next check due; address in document not confirmed
2406742000003750086,"50c North Birkbeck, E11 4JG",zoho,50c North BB - Landlord License.pdf,licence,,,"OCR: First Floor Flat 3, 50, North Birkbeck Road, London, E11 4JG",no,low,"attached to Zoho 2024-04-13; scanned, no text"
2406742000003750086,"50c North Birkbeck, E11 4JG",zoho,50c North Birkbeck - Draft Licence.pdf,licence,,,"First Floor Flat 3 50, North Birkbeck Road London E11 4JG",yes,low,attached to Zoho 2026-01-23; no key date found in text; DRAFT licence
2406742000003750086,"50c North Birkbeck, E11 4JG",zoho,Landlord Licences - 50c North Birkbeck.pdf,licence,2027-02-22,,"First Floor Flat 3, 50, North Birkbeck Road, London, E11 4JG [Licence Holder] To: ABSOLUTE LONDON LIMITED Of: 55 Coope",yes,high,attached to Zoho 2026-09-04; expiry date
2406742000011018001,"52b Beedell Avenue, Southend-on-Sea, SS0 9JS",zoho,EICR - 52B Beedell Avenue (98786573).pdf,EICR,,,"lords safety report. 09/12/2021 Tenant in Situ, 52B Beedell Avenue, Westcliff on Sea, Essex, SS0 9JS",yes,low,attached to Zoho 2022-01-17; no key date found in text
2406742000011018001,"52b Beedell Avenue, Southend-on-Sea, SS0 9JS",zoho,52B Beedell Avenue EPC.pdf,EPC,,,"52b, Beedell Avenue",yes,low,attached to Zoho 2019-08-13; no key date found in text
2406742000011018001,"52b Beedell Avenue, Southend-on-Sea, SS0 9JS",zoho,"52b Bedell Avenue EPC, 28.10.32.pdf",EPC,2032-10-28,2032-10-28,52b Beedell Avenue WESTCLIFF-ON-SEA SS0 9JS,yes,high,attached to Zoho 2022-10-31; valid until
2406742000011018001,"52b Beedell Avenue, Southend-on-Sea, SS0 9JS",zoho,11111336-14056-Landlord_Homeowner Gas Safety Record-868.pdf,gas,,,efell Avenue Yes 12/02/2025 52 B Southend On Sea Pass Befell Avenue Essex Yes Southend On Sea SS09JS,yes,low,attached to Zoho 2025-02-17; no key date found in text
2406742000011018001,"52b Beedell Avenue, Southend-on-Sea, SS0 9JS",zoho,52B Bedell Avenue . Gas certificate.1.4.22.jpg,gas,,2022-04-01,,no,low,"attached to Zoho 2021-04-07; image attachment, not downloaded"
2406742000011018001,"52b Beedell Avenue, Southend-on-Sea, SS0 9JS",zoho,"52b Beedell Avenue Gas Certificate, 3.3.2021.pdf",gas,,2021-03-03,,no,low,"attached to Zoho 2020-03-05; scanned, no text"
2406742000011018001,"52b Beedell Avenue, Southend-on-Sea, SS0 9JS",zoho,"52b Beedell Avenue, Gas Cert 2024.pdf",gas,,,OCR: KW/h or Brun Pass/FaiVNA Yes/No Pass/FallNA Pass/Fal/NA (if applicable) Name (Mr/Mrs/Miss/Ms) Yes/No Yes/No Address 52b Deedell Avonue 23•3 ,no,low,"attached to Zoho 2025-02-13; scanned, no text"
2406742000011018001,"52b Beedell Avenue, Southend-on-Sea, SS0 9JS",zoho,"52b Beedell Avenue, Gas Cert 25 May, 2026.pdf",gas,,2026-05-25,OCR: PaыfalAiA Pasfaisa PasPaNA Veofes Name (Mr/Mrs/Misa/Ms) 20x faя Rass 0-807 NO Address 526 keedall Avenue 119ax Ra N/e N/A NG Southenot-on -S,no,low,"attached to Zoho 2026-02-25; scanned, no text"
2406742000011018001,"52b Beedell Avenue, Southend-on-Sea, SS0 9JS",zoho,"Gas cert for 52b Beedall Avenue, 25 May 2027.pdf",gas,,2027-05-25,"OCR: Gas Sate Register No Address Top Moor Name (Mr/Mrs/Miss/Ms) 8486 655422 Outcome of gas tightness test? Number of Appliances tested Lenlon, L",no,low,"attached to Zoho 2026-06-01; scanned, no text"
2406742000011018001,"52b Beedell Avenue, Southend-on-Sea, SS0 9JS",zoho,"52B Beedel Avenue Gas certificate, 2.9.23.pdf",gas,2023-09-02,2023-09-02,Name: D & D homes Address: 52b Beedell Avenue Westcliff-on-Sea Essex Postcode: ss09js Contact Number: Appliance Details Location Type Manufa,yes,high,attached to Zoho 2022-09-07; next check due
2406742000011018001,"52b Beedell Avenue, Southend-on-Sea, SS0 9JS",zoho,Gas Cert - 52B Bedell Avenue.28.3.24.pdf,gas,2024-03-28,2024-03-28,oad Leigh on sea Essex SS9 5JT +44 01708725068 52B Beedell Avenue Westcliﬀ- On- Sea Essex SS0 9JS BM,yes,high,attached to Zoho 2023-10-26; next check due
2406742000082416003,"5a Lancaster House, Brownrigg Drive, Cramlington, NE23 6UN",zoho,5A Lancaster House - EICR.pdf,EICR,,,"OCR: 5a Lancaster House Brownrigg Drive Cramlington, Northumberland NE23 6UN Description of premises: Domestic N/A Commercial N/A Industrial N/A ",no,low,"attached to Zoho 2026-09-04; scanned, no text; OCR (unverified) next inspection date: 2031-03-25"
2406742000082416003,"5a Lancaster House, Brownrigg Drive, Cramlington, NE23 6UN",zoho,5a Lancaster - EPC.pdf,EPC,2036-04-12,,5A Lancaster House Brownrigg Drive CRAMLINGTON NE23 6UN,yes,medium,"attached to Zoho 2026-09-04; valid until; document address reads as 5a Lancaster House, Brownrigg Drive, Cramlington, NE23 6UN (same building, unit not confirmed); address in document not confirmed"
2406742000014557056,"6 January House, 28 Birdhurst Rise, CR2 7ED",zoho,Jaunary houe EICR 14-4-2030.pdf,EICR,,2030-04-14,"OCR: 6, JANURY HOUSE allation taking into account the stated extent and limitations in PART 6 of this report. Postcode: CR.O JED TelNo: ELECTRICA",no,low,"attached to Zoho 2025-04-22; scanned, no text; OCR (unverified) inspection 2025-04-04 + 5 years (interval not found): 2030-04-04"
2406742000014557056,"6 January House, 28 Birdhurst Rise, CR2 7ED",drive,2020-09-14__icloud__6 January EPC.pdf,EPC,2029-06-04,,"Flat 6 January House, 28, Birdhurst Rise, SOUTH CROYDON, CR2 7ED",yes,high,"email date 2020-09-14; matched by filename (high: street:1.0,housenum); date of certificate 2019-06-05 + 10 years - 1 day (gov.uk convention)"
2406742000014557056,"6 January House, 28 Birdhurst Rise, CR2 7ED",zoho,6 January EPC.pdf,EPC,2029-06-04,,"Flat 6 January House, 28, Birdhurst Rise, SOUTH CROYDON, CR2 7ED",yes,high,attached to Zoho 2020-04-09; date of certificate 2019-06-05 + 10 years - 1 day (gov.uk convention)
2406742000014557056,"6 January House, 28 Birdhurst Rise, CR2 7ED",zoho,January House electric certificate .pdf,electrical,,,,no,low,"attached to Zoho 2020-04-30; text layer is the blank NICEIC form template (sample data), real certificate is an image; scanned, no text"
2406742000014557056,"6 January House, 28 Birdhurst Rise, CR2 7ED",zoho,"6 January House, Birdhurst Rise - Gas Safety 8.3.22.pdf",gas,,2022-03-08,,no,low,"attached to Zoho 2021-03-12; scanned, no text; OCR (unverified) next check due: 2021-03-09"
2406742000014557056,"6 January House, 28 Birdhurst Rise, CR2 7ED",zoho,Gas Cert for 6 January house CR2 7ED 27-NOV-2025.pdf,gas,,2025-11-27,OCR: PassFalluA Yes/No Pass/FalUNA Pass/FalNA Yes/ão Yes/No Tested ar ted Name (Mr/Mrs/Miss/Ms) 289kл Pass Pux 0.000 No PaCNeO Address 6 January ,no,low,"attached to Zoho 2024-11-22; scanned, no text"
2406742000014557056,"6 January House, 28 Birdhurst Rise, CR2 7ED",zoho,Gas cert for 6 January House 16 Nov 2024.pdf,gas,,2024-11-16,OCR: Name (Mr/Mrs/Miss/Ms) 23.7cw Yes Pass Pass 0.0207 No NO N/A Yos Yes N/A N/A N/A NO No N/A Yes Address 6 January /touse limbr 28 Bicdhurst ri,no,low,"attached to Zoho 2023-11-21; scanned, no text"
2406742000014557056,"6 January House, 28 Birdhurst Rise, CR2 7ED",zoho,"Gas cert for 6 January house CR2 7ED, 25 Nov 2026.pdf",gas,,2026-11-25,"OCR: Lane, Postcode Contact No Ase Postcode Contact No Postcode Contact No Serial No 8178",no,low,"attached to Zoho 2026-02-25; scanned, no text"
2406742000014557056,"6 January House, 28 Birdhurst Rise, CR2 7ED",zoho,Gas Certificate - Flat 6 January House.pdf,gas,2021-04-08,," 7ED . No Customer / Landlord Mrs Celine Renier Company Flat 6, January House Birdhurst Rise CR2 7ED",yes,high,attached to Zoho 2020-04-28; next check due
2406742000014557056,"6 January House, 28 Birdhurst Rise, CR2 7ED",zoho,Flat 6 Jnauary House gas cert. 1.11.23.pdf,gas,2023-11-01,2023-11-01,Name: Beaumont Residential Address: Flat 6 January House South Croydon Surrey Postcode: cr2 7ed Contact Number: Appliance Details Location T,yes,high,attached to Zoho 2022-11-14; next check due
2406742000081181002,"6 Lancaster House, Brownrigg Drive, Cramlington, NE23 6UN",zoho,EICR - 6 Lancaster.pdf,EICR,,,"OCR: 6 Lancaster House, Brownrigg Drive Cramlington Northumberland NE23 6UN Description of premises: Domestic N/A Commercial N/A Industrial N/A O",no,low,"attached to Zoho 2026-08-20; scanned, no text; OCR (unverified) inspection 2026-07-02 + 5 years (interval not found): 2031-07-02"
2406742000081181002,"6 Lancaster House, Brownrigg Drive, Cramlington, NE23 6UN",zoho,EPC - 6 Lancaster.pdf,EPC,2036-04-12,,6 Lancaster House Brownrigg Drive CRAMLINGTON NE23 6UN,yes,high,attached to Zoho 2026-08-20; valid until
2406742000002188050,664B High Road E10 6JP,zoho,664 High Rd Electric Certificate.pdf,EICR,,,OCR: Purpose for which report is required. Occupier: Address: inspection: avaılable this --- page 2 --- DPN7/3| Page 2 of Delete as approprate (E,no,low,"attached to Zoho 2019-06-13; scanned, no text"
2406742000002188050,664B High Road E10 6JP,zoho,"EICR - Flat B 664, High Road.pdf",EICR,,,"OCR: Flat B 664, High Road , London , E10 6JP Email: N/A REAS Annual check Date(s) inspection and testing carried out: 09/05/2024 Occupier: N/A A",no,low,"attached to Zoho 2024-05-09; scanned, no text; OCR (unverified) inspection 2024-05-09 + 5 years (interval not found): 2029-05-09"
2406742000002188050,664B High Road E10 6JP,zoho,664 High Road EPC (5).pdf,EPC,,,"OCR: Flat 2,",no,low,"attached to Zoho 2019-06-13; scanned, no text; OCR (unverified) date of certificate 2009-10-23 + 10 years - 1 day (gov.uk convention): 2019-10-22"
2406742000002188050,664B High Road E10 6JP,drive,2016-01-28__vicaragecourt__EPC.pdf,EPC,2019-10-22,,"23 October 2009 Flat 2, 664b High Road, LONDON,",yes,medium,email date 2016-01-28; date of certificate 2009-10-23 + 10 years - 1 day (gov.uk convention); matched by address in document (filename has no address)
2406742000002188050,664B High Road E10 6JP,drive,2016-04-12__vicaragecourt__EPC.pdf(MU00030027.20.7F526).pdf,EPC,2019-10-22,,"23 October 2009 Flat 2, 664b High Road, LONDON,",yes,medium,email date 2016-04-12; date of certificate 2009-10-23 + 10 years - 1 day (gov.uk convention); matched by address in document (filename has no address)
2406742000002188050,664B High Road E10 6JP,zoho,664b (EPC) - 14 Jan 2031.pdf,EPC,2031-01-14,2031-01-14,664B High Road Leyton London E10 6JP,yes,high,attached to Zoho 2025-10-06; valid until
2406742000002188050,664B High Road E10 6JP,zoho,"664b High Road EPC, 13.1.2031.pdf",EPC,2031-01-14,2031-01-13,Date of assessment 13 January 2021 Date of certificate 15 January 2021,yes,high,attached to Zoho 2021-01-15; valid until
2406742000002188050,664B High Road E10 6JP,zoho,664B gas certificate .pdf,gas,,,OCR: LANDLORD/CLIENT NAME & ADDRESS (if different) Tel No.: 07484838439 EIO 6QE Postcode: construction and lining has NOT been carried out. combu,no,low,"attached to Zoho 2021-02-25; scanned, no text"
2406742000002188050,664B High Road E10 6JP,zoho,664b - Gas cert 23.2.22.pdf,gas,,2022-02-23,OCR: CO alarm(s) fitted: Yes This record is issued by: Address: 460 Name & Title: Pipework: Received by: -,no,low,"attached to Zoho 2021-03-17; scanned, no text"
2406742000002188050,664B High Road E10 6JP,zoho,664 High Property License.pdf,licence,,,OCR: Second Floor Flat 2,no,low,"attached to Zoho 2019-06-13; scanned, no text; OCR (unverified) valid until: 2020-03-31"
2406742000002188050,664B High Road E10 6JP,zoho,664 High Property License.pdf,licence,,,OCR: Second Floor Flat 2,no,low,"attached to Zoho 2019-01-31; scanned, no text; OCR (unverified) valid until: 2020-03-31"
2406742000002188050,664B High Road E10 6JP,zoho,664A High Rd Property License.png,licence,,,,no,low,"attached to Zoho 2024-11-13; image attachment, not downloaded"
2406742000002188050,664B High Road E10 6JP,zoho,664b Licence.pdf,licence,,,"Second Floor Flat 2 664a, High Road Leyton London E10 6JP",yes,low,attached to Zoho 2023-12-15; expiry date; address in document not confirmed; DRAFT licence
2406742000002188050,664B High Road E10 6JP,zoho,664b High Road - Property Licence.pdf,licence,2029-11-05,,"Second Floor Flat 2 664a, High Road Leyton London E10 6JP",yes,medium,attached to Zoho 2024-11-06; expiry date; address in document not confirmed
2406742000081223082,"6a Lancaster House, Brownrigg Drive, Cramlington, NE23 6UN",zoho,EICR - 6a Lancaster.pdf,EICR,,,"OCR: Ga Lancaster House, Brownrigg Drive Cramlington Northumberland NE23 GUN Description of premises: Domestic N/A Commercial N/A Industrial N/A ",no,low,"attached to Zoho 2026-07-03; scanned, no text; OCR (unverified) inspection 2026-07-02 + 5 years (interval not found): 2031-07-02"
2406742000081223082,"6a Lancaster House, Brownrigg Drive, Cramlington, NE23 6UN",zoho,EPC - 6a Lancaster House.pdf,EPC,2036-04-12,,6A Lancaster House Brownrigg Drive CRAMLINGTON NE23 6UN,yes,medium,"attached to Zoho 2026-07-03; valid until; document address reads as 6a Lancaster House, Brownrigg Drive, Cramlington, NE23 6UN (same building, unit not confirmed); address in document not confirmed"
2406742000080933180,"7 Lancaster House, Brownrigg Drive, Cramlington, NE23 6UN",zoho,EICR - 7 Lancaster.pdf,EICR,,,"OCR: 7 Lancaster House, Brownrigg Drive Cramlington Northumberland NE23 GUN Description of premises: Domestic N/A Commercial N/A Industrial N/A O",no,low,"attached to Zoho 2026-07-13; scanned, no text; OCR (unverified) inspection 2026-07-02 + 5 years (interval not found): 2031-07-02"
2406742000080933180,"7 Lancaster House, Brownrigg Drive, Cramlington, NE23 6UN",zoho,EPC - 7 Lancaster.pdf,EPC,2036-04-12,,7 Lancaster House Brownrigg Drive CRAMLINGTON NE23 6UN,yes,high,attached to Zoho 2026-07-13; valid until
2406742000002188071,"72 Kettlebaston Road, E10 7PF",zoho,72 Kettlebaston Rd Electric Certificate.pdf,EIC,,,OCR: REWIRE oF PRSPERTI InSTALLATIEN of i7t Editia ConsomER RHIoP Postoode E105NA here the electrical work to which this certificate relates incl,no,low,"attached to Zoho 2019-06-13; scanned, no text"
2406742000002188071,"72 Kettlebaston Road, E10 7PF",drive,2024-02-11__gmail__EICR - 72 Kettlebaston Rd  2.7.2025.pdf,EICR,,2025-07-02,,no,low,"email date 2024-02-11; matched by filename (high: street:1.0,housenum); text layer is the blank NICEIC form template (sample data), real certificate is an image; scanned, no text"
2406742000002188071,"72 Kettlebaston Road, E10 7PF",zoho,"72, kettel EICR 1-7-2030.jpg",EICR,,2030-07-01,,no,low,"attached to Zoho 2025-07-22; image attachment, not downloaded"
2406742000002188071,"72 Kettlebaston Road, E10 7PF",zoho,72 Kettlebaston Rd EPC.pdf,EPC,,,"OCR: 72, Kettlebaston Road, LONDON, E10 7PF",no,low,"attached to Zoho 2019-06-13; scanned, no text; OCR (unverified) date of certificate 2018-03-01 + 10 years - 1 day (gov.uk convention): 2028-02-29"
2406742000002188071,"72 Kettlebaston Road, E10 7PF",drive,2024-02-11__gmail__EPC - 72 kettlebaston.pdf,EPC,2028-02-29,,"72, Kettlebaston Road, LONDON, E10 7PF",yes,high,"email date 2024-02-11; matched by filename (high: street:1.0,housenum); date of certificate 2018-03-01 + 10 years - 1 day (gov.uk convention)"
2406742000002188071,"72 Kettlebaston Road, E10 7PF",drive,2026-03-18__propertysauce-co__EPC - 72 kettlebaston.pdf,EPC,2028-02-29,,"72, Kettlebaston Road, LONDON, E10 7PF",yes,high,"email date 2026-03-18; matched by filename (high: street:1.0,housenum); date of certificate 2018-03-01 + 10 years - 1 day (gov.uk convention)"
2406742000002188071,"72 Kettlebaston Road, E10 7PF",zoho,72 kettlebaston EPC.pdf,EPC,2028-02-29,,"72, Kettlebaston Road, LONDON, E10 7PF",yes,high,attached to Zoho 2020-03-31; date of certificate 2018-03-01 + 10 years - 1 day (gov.uk convention)
2406742000002188071,"72 Kettlebaston Road, E10 7PF",zoho,72 KATTELBASTON ROAD Electric Certificate 2.7.2025.pdf,electrical,,2025-07-02,,no,low,"attached to Zoho 2020-07-20; text layer is the blank NICEIC form template (sample data), real certificate is an image; scanned, no text"
2406742000002188071,"72 Kettlebaston Road, E10 7PF",drive,2024-02-11__gmail__Gas cert for 72 Kettlebaston Road.pdf,gas,,,,no,low,"email date 2024-02-11; matched by filename (high: street:1.0,housenum); scanned, no text"
2406742000002188071,"72 Kettlebaston Road, E10 7PF",drive,2025-08-22__propertysauce-co__Gas cert for 72 kettlebaston Road E10 21-Dec-2025.pdf,gas,,2025-12-21,OCR: Btuh Pass/Fail/NA Yes/No Pass/FalL/NA Pass/Fail/NA Yes Daяs Rgs Name (Mr/Mrs/Miss/Ms) 19.5mM Pass Yes 0-0000 N 2 Address 72 Kettlebaston Rou,no,low,"email date 2025-08-22; matched by filename (high: street:1.0,housenum); scanned, no text"
2406742000002188071,"72 Kettlebaston Road, E10 7PF",drive,"2026-03-18__propertysauce-co__Gas Cert for 72 Kettlebaston Road E10, 18-dec-2026.pdf",gas,,2026-12-18,OCR: Address 72 Postcode Contact No Postcode Contact No Postcode Contact No Serial No,no,low,"email date 2026-03-18; matched by filename (high: street:1.0,housenum); scanned, no text"
2406742000002188071,"72 Kettlebaston Road, E10 7PF",drive,2026-03-18__propertysauce-co__Gas cert for 72 Kettlebaston Road (1).pdf,gas,,,,no,low,"email date 2026-03-18; matched by filename (high: street:1.0,housenum); scanned, no text"
2406742000002188071,"72 Kettlebaston Road, E10 7PF",zoho,72 KattlebastonThe latest Gas Cert.pdf,gas,,,OCR: as Edition @ ANY REMEDIAL ACTION TAKEN DETAILS OF WORK CARRIED OUT säfe E10 5NA,no,low,"attached to Zoho 2019-06-13; scanned, no text"
2406742000002188071,"72 Kettlebaston Road, E10 7PF",zoho,"72 Kettalbaston Gas certificate, 17.7.23 (1).pdf",gas,,2023-07-17,OCR: Pass/Fan/NA Yes/No' Pass/FeTi/NA Pass/Faf/NA YASTNO Yes/No Pass/Fail/NA Yes/No Name (Mr/A4ro/Mies/Ms) YUSUF LOONAT y-3 pAse p.zss 0-0007 243,no,low,"attached to Zoho 2023-01-28; scanned, no text"
2406742000002188071,"72 Kettlebaston Road, E10 7PF",zoho,72 Kettelbaston Gas Certificate. 19.7.2021.pdf,gas,,2021-07-19,,no,low,"attached to Zoho 2020-10-31; scanned, no text"
2406742000002188071,"72 Kettlebaston Road, E10 7PF",zoho,72 Kettelbaston Gas Certificate. 19.7.2021.pdf,gas,,2021-07-19,,no,low,"attached to Zoho 2020-07-21; scanned, no text"
2406742000002188071,"72 Kettlebaston Road, E10 7PF",zoho,72 Kettelbaston gas cert 13.7.22.jpg,gas,,2022-07-13,,no,low,"attached to Zoho 2021-07-17; image attachment, not downloaded"
2406742000002188071,"72 Kettlebaston Road, E10 7PF",zoho,72 Kettlebaston Rd Gas Cert.pdf,gas,,,OCR: L ACTION TAKEN DETAILS OF WORK CARRIED OUT Heating London's Homes safe E10 5NA,no,low,"attached to Zoho 2019-06-13; scanned, no text"
2406742000002188071,"72 Kettlebaston Road, E10 7PF",zoho,"72 Kettlebaston Road, E10 - Gas Certificate.JPG",gas,,,,no,low,"attached to Zoho 2019-09-11; image attachment, not downloaded"
2406742000002188071,"72 Kettlebaston Road, E10 7PF",zoho,72 Kettleboston Gas Certificate.pdf,gas,,,OCR: Name (Mr/Mrs/Miss/Ms) Name (Mr/Mrs/Miss/Ms) Gas Safe Register No. Registered Engineer's Name LABWS129563 Outcome of gas tightness test? Numb,no,low,"attached to Zoho 2019-10-09; scanned, no text"
2406742000002188071,"72 Kettlebaston Road, E10 7PF",zoho,"Gas Cert for 72 Kettlebaston Road E10, 18-dec-2026.pdf",gas,,2026-12-18,OCR: Address 72 Postcode Contact No Postcode Contact No Postcode Contact No Serial No,no,low,"attached to Zoho 2025-12-31; scanned, no text"
2406742000002188071,"72 Kettlebaston Road, E10 7PF",zoho,Gas cert 72 Kettlebaston E10 7PF. 7.6.24.pdf,gas,,2024-06-07,OCR: AYSHA Contact No 07931145511 Details of Registered Business E16 7PF Cahir Shreet Is the Protective Equipotential bonding satisfactory? Is th,no,low,"attached to Zoho 2023-11-10; scanned, no text"
2406742000002188071,"72 Kettlebaston Road, E10 7PF",zoho,Gas cert for 72 Kettlebaston Road.pdf,gas,,,,no,low,"attached to Zoho 2023-12-23; scanned, no text"
2406742000002188071,"72 Kettlebaston Road, E10 7PF",zoho,Gas cert for 72 kettlebaston Road E10 21-Dec-2025.pdf,gas,,2025-12-21,OCR: Btuh Pass/Fail/NA Yes/No Pass/FalL/NA Pass/Fail/NA Yes Daяs Rgs Name (Mr/Mrs/Miss/Ms) 19.5mM Pass Yes 0-0000 N 2 Address 72 Kettlebaston Rou,no,low,"attached to Zoho 2024-12-27; scanned, no text"
2406742000002188071,"72 Kettlebaston Road, E10 7PF",drive,"2025-08-22__vicaragecourt__Red Top Properties (Yusuf Loonat) - 72, Kettlebaston Road, London, E10 7PF.  DRAFT LICENCE.pdf",licence,,,"72, Kettlebaston Road, London, E10 7PF [Proposed Licence Holder] To: Red Top Properties (Yusuf Loonat) Of: FF 55 Coope",yes,low,"email date 2025-08-22; matched by filename (high: street:1.0,housenum,postcode); no key date found in text; DRAFT licence"
2406742000002188071,"72 Kettlebaston Road, E10 7PF",zoho,72 KettleBaston Property License.pdf,licence,,,OCR: 72 Kettlebaston Road,no,low,"attached to Zoho 2019-06-13; scanned, no text; OCR (unverified) valid until: 2020-03-31"
2406742000002188071,"72 Kettlebaston Road, E10 7PF",zoho,72 KettleBaston Property License.pdf,licence,,,OCR: 72 Kettlebaston Road,no,low,"attached to Zoho 2019-01-31; scanned, no text; OCR (unverified) valid until: 2020-03-31"
2406742000002188071,"72 Kettlebaston Road, E10 7PF",zoho,"72, Kettlebaston Road, London, E10 7PF.  DRAFT LICENCE.pdf",licence,,,"72, Kettlebaston Road, London, E10 7PF [Proposed Licence Holder] To: Red Top Properties (Yusuf Loonat) Of: FF 55 Coope",yes,low,attached to Zoho 2025-08-20; no key date found in text; DRAFT licence
2406742000002188071,"72 Kettlebaston Road, E10 7PF",drive,"2026-03-18__propertysauce-co__Absolute London Limited - 72, Kettlebaston Road.  FINAL LICENCE.pdf",licence,2030-09-10,,"72, Kettlebaston Road London E10 7PF",yes,high,"email date 2026-03-18; matched by filename (high: street:1.0,housenum); expiry date"
2406742000002188071,"72 Kettlebaston Road, E10 7PF",zoho,"Absolute London Limited - 72, Kettlebaston Road.  FINAL LICENCE.pdf",licence,2030-09-10,,"72, Kettlebaston Road London E10 7PF",yes,high,attached to Zoho 2025-09-11; expiry date
2406742000000266038,"72C Kingswood Road, E11 1SF",zoho,72C Kingswood EICR.pdf,EICR,,,"OCR: Flat 72C Kingswood Road London E11 Description of premises: Domestic N/A Commercial N/A Industrial N/A Other, please specify: N/A Estimated ",no,low,"attached to Zoho 2024-09-02; scanned, no text; OCR (unverified) inspection 2021-01-16 + 5 years (interval not found): 2026-01-16"
2406742000000266038,"72C Kingswood Road, E11 1SF",zoho,72C Kingswood EICR.pdf,EICR,,,"OCR: Flat 72C Kingswood Road London E11 Description of premises: Domestic N/A Commercial N/A Industrial N/A Other, please specify: N/A Estimated ",no,low,"attached to Zoho 2023-01-10; scanned, no text; OCR (unverified) inspection 2021-01-16 + 5 years (interval not found): 2026-01-16"
2406742000000266038,"72C Kingswood Road, E11 1SF",zoho,Electric cert  72C Kibgswood.pdf,EICR,,,OCR: 72D Kingswood Rd London E11 1SF PERIODIC CHECK Dates(s) on which insnection and testine 27TH APRIL 2017 Installation: 72 D Kingswood Rd E11 ,no,low,"attached to Zoho 2020-04-01; scanned, no text; OCR (unverified) inspection 2017-04-27 + 5 years (interval not found): 2022-04-27; OCR address suggests 72D Kingswood Road, E11 1SF"
2406742000000266038,"72C Kingswood Road, E11 1SF",zoho,electric cert  72C Kingswood amended.pdf,EICR,,,OCR: 72C Kingswood Rd London E11 1SF PERIODIC CHECK Dates(s) on which inspection and testing 27TH APRIL 2017 were carried out: Installation: 72 C,no,low,"attached to Zoho 2020-04-01; scanned, no text; OCR (unverified) inspection 2016-04-18 + 5 years (interval not found): 2021-04-18"
2406742000000266038,"72C Kingswood Road, E11 1SF",zoho,72c EPC.pdf,EPC,,,"OCR: 72, Kingswood Road, LONDON, E11 1SF",no,low,"attached to Zoho 2018-04-05; scanned, no text; OCR (unverified) date of certificate 2015-06-11 + 10 years - 1 day (gov.uk convention): 2025-06-10"
2406742000000266038,"72C Kingswood Road, E11 1SF",zoho,72c Kingswood Road EPC 20.5.33.pdf,EPC,2033-05-20,2033-05-20,72c Kingswood Road LEYTONSTONE E11 1SF,yes,high,attached to Zoho 2023-05-22; valid until
2406742000000266038,"72C Kingswood Road, E11 1SF",zoho,72C Kingswood Gas Certificate.pdf,gas,,,,no,low,"attached to Zoho 2019-04-02; scanned, no text"
2406742000000266038,"72C Kingswood Road, E11 1SF",zoho,"72C Kingswood Road Gas cert, 3.10.22.jpeg",gas,,2022-10-03,,no,low,"attached to Zoho 2021-10-06; image attachment, not downloaded"
2406742000000266038,"72C Kingswood Road, E11 1SF",zoho,72c Kingswood Gas Certificate 30.9.2021.pdf,gas,,2021-09-30,,no,low,"attached to Zoho 2020-10-15; scanned, no text"
2406742000000266038,"72C Kingswood Road, E11 1SF",zoho,"Gas Cert for 72D Kingswood Road E11 4SF,27-oct -2025.pdf",gas,,2025-10-27,OCR: Tested Tested Name (Mr/Mrs/Miss/Ms) 23•LN Vass Pass pass 0.0009 Yor Address 720 Kugswood Road 2 1G-2tw N/A N/A N(A -OMC Safety Related Defec,no,low,"attached to Zoho 2024-11-05; scanned, no text"
2406742000000266038,"72C Kingswood Road, E11 1SF",zoho,Gas Cert for 72c Kingswood 1-11-26.pdf,gas,,2026-11-01,OCR: Tested Locttior Tested 23.610 Pass Name (Mr/Mrs/Miss/Ms) Yes Pass Pass 8.0v0i0 No Yes Pass FallC PoenFnt 20mtr Dass Yes N/4 N/A N/A N0 tel P,no,low,"attached to Zoho 2025-11-05; scanned, no text"
2406742000000266038,"72C Kingswood Road, E11 1SF",zoho,"Gas cert for 72C Kingswood Road E11, 3.11.24.pdf",gas,,2024-11-03,OCR: kW/h or Btu/h Pass/Fai/NA Yes/No Pass/Fail/NA Pass/Fai/NA (if applicable) Yes/No Yes/No Pass/Fail/NA Yes/No Name (Mr/Mrs/Miss/Ms) 23.5ki Pas,no,low,"attached to Zoho 2023-11-07; scanned, no text"
2406742000000266038,"72C Kingswood Road, E11 1SF",zoho,Warning advice notice for gas certificate.jpeg,gas,,,,no,low,"attached to Zoho 2020-06-01; image attachment, not downloaded"
2406742000000266038,"72C Kingswood Road, E11 1SF",zoho,"72C Kingswood Gas cert, 18.11.23.pdf",gas,2023-11-18,2023-11-18,Name: Murray & sullivan Address: 72c Kingswood Road London Postcode: e111sf Contact Number: Appliance Details Location Type Manufacturer Mod,yes,high,attached to Zoho 2022-11-21; next check due
2406742000000266038,"72C Kingswood Road, E11 1SF",zoho,72C Kingswood License.pdf,licence,,,"72c, Kingswood Road London E11 1SF",yes,low,attached to Zoho 2021-11-02; expiry date; DRAFT licence
2406742000000266038,"72C Kingswood Road, E11 1SF",zoho,Licence -  72c Kindswood Road.pdf,licence,,,OCR: 72c Kingswood Road,no,low,"attached to Zoho 2018-04-05; scanned, no text; OCR (unverified) valid until: 2020-03-31"
2406742000000266038,"72C Kingswood Road, E11 1SF",zoho,72C Kingswood property license.pdf,licence,2026-11-23,,"72c, Kingswood Road London E11 1SF",yes,high,attached to Zoho 2022-02-08; expiry date
2406742000000266021,"72D Kingswood Road, E11 1SF",zoho,72D Kingswood EICR.pdf,EICR,,,"OCR: Flat 72d Kingswood Road London E11 Description of premises: Domestic N/A Commercial N/A Industrial N/A Other, please specify: N/A Estimated ",no,low,"attached to Zoho 2023-01-10; scanned, no text; OCR (unverified) inspection 2021-01-16 + 5 years (interval not found): 2026-01-16"
2406742000000266021,"72D Kingswood Road, E11 1SF",zoho,Electric Certificate (3).pdf,EICR,,,OCR: 72D Kingswood Rd Records of installaton available: N/A Date of previous N/A inspection: London E11 1SF Records held by: N/A кepoгіNo: Extent,no,low,"attached to Zoho 2019-06-14; scanned, no text"
2406742000000266021,"72D Kingswood Road, E11 1SF",zoho,72d Kings EPC.pdf,EPC,,,"OCR: 72d Kingswood Road, LONDON, E11 1SF",no,low,"attached to Zoho 2018-04-05; scanned, no text; OCR (unverified) date of certificate 2015-08-07 + 10 years - 1 day (gov.uk convention): 2025-08-06"
2406742000000266021,"72D Kingswood Road, E11 1SF",zoho,EPC (12).pdf,EPC,,,"OCR: 72d Kingswood Road, LONDON, E11 1SF",no,low,"attached to Zoho 2019-06-14; scanned, no text; OCR (unverified) date of certificate 2015-08-07 + 10 years - 1 day (gov.uk convention): 2025-08-06"
2406742000000266021,"72D Kingswood Road, E11 1SF",zoho,72 d Kingswood Road - Energy performance certificate (EPC) -.pdf,EPC,2035-09-26,,72d Kingswood Road LEYTONSTONE E11 1SF,yes,high,attached to Zoho 2025-09-29; valid until
2406742000000266021,"72D Kingswood Road, E11 1SF",zoho,72D Kings Wood Road gas cert 5.4.22.jpg,gas,,2022-04-05,,no,low,"attached to Zoho 2021-05-26; image attachment, not downloaded"
2406742000000266021,"72D Kingswood Road, E11 1SF",zoho,72D Kingswood GasCertificate.pdf,gas,,,,no,low,"attached to Zoho 2019-06-24; scanned, no text"
2406742000000266021,"72D Kingswood Road, E11 1SF",zoho,"72D Kingswood Road, Gas Certificate , 11.5.2021.png",gas,,2021-05-11,,no,low,"attached to Zoho 2020-05-14; image attachment, not downloaded"
2406742000000266021,"72D Kingswood Road, E11 1SF",zoho,"Gas Cert 72D Kingswood Road, 2.10.24.pdf",gas,,2024-10-02,OCR: kW/h or Btu/h or neat inout mbar and/ Pass/Fail/NA Yes/No Pass/Fail/NA Pass/Fail/NA (if applicable) Yes/No Yes/No Pass/FaiVNA Yes/No Name (M,no,low,"attached to Zoho 2023-10-05; scanned, no text"
2406742000000266021,"72D Kingswood Road, E11 1SF",zoho,Gas Cert for 72D Kingswood 1-11-26.pdf,gas,,2026-11-01,OCR: Location Tested Location Tested 236k Pass Name (Mr/Mrs/Miss/Ms) Pass Rass 0.0208 No Pass OFalC Pass Fail 19ms Pake Yes N/A N/A NO T Pass O]P,no,low,"attached to Zoho 2025-11-05; scanned, no text"
2406742000000266021,"72D Kingswood Road, E11 1SF",zoho,"Gas Cert for 72D Kingswood Road E11 4SF, 27-oct-2025.pdf",gas,,2025-10-27,OCR: Tested Tested Name (Mr/Mrs/Miss/Ms) 23•LN Vass Pass pass 0.0009 Yor Address 720 Kugswood Road 2 1G-2tw N/A N/A N(A -OMC Safety Related Defec,no,low,"attached to Zoho 2024-11-09; scanned, no text"
2406742000000266021,"72D Kingswood Road, E11 1SF",zoho,72D Kingswood Road Gas certificate.2.9.23.pdf,gas,2023-09-02,2023-09-02,Name: D Murray & R Sullivan Address: 72D Kingswood Road London Postcode: e11 1sf Contact Number: Appliance Details Location Type Manufacture,yes,high,attached to Zoho 2022-10-22; next check due
2406742000000266021,"72D Kingswood Road, E11 1SF",zoho,Licence -  72D Kingswood Road.pdf,licence,,,OCR: Granting of a Private Rented Property Licence Address: 72d Kingswood Road Leytonstone London E11 1SF,no,low,"attached to Zoho 2018-04-05; scanned, no text; OCR (unverified) valid until: 2020-03-31"
2406742000000266021,"72D Kingswood Road, E11 1SF",zoho,72D Kingswood Property License.pdf,licence,2026-11-23,,"72d, Kingswood Road London E11 1SF",yes,high,attached to Zoho 2024-01-15; expiry date
2406742000080908001,"8 Lancaster House, Brownrigg Drive, Cramlington, NE23 6UN",zoho,EICR - 8 Lancaster.pdf,EICR,,,"OCR: 8 Lancaster House, Brownrigg Drive Cramlington Northumberland NE23 6UN Description of premises: Domestic N/A Commercial N/A Industrial N/A O",no,low,"attached to Zoho 2026-06-22; scanned, no text; OCR (unverified) next inspection date: 2031-06-02"
2406742000080908001,"8 Lancaster House, Brownrigg Drive, Cramlington, NE23 6UN",zoho,EPC - 8 Lancaster House.pdf,EPC,2036-04-12,,8 Lancaster House Brownrigg Drive CRAMLINGTON NE23 6UN,yes,high,attached to Zoho 2026-06-16; valid until
2406742000080334012,"9 Lancaster House, Brownrigg Drive, Cramlington, NE23 6UN",zoho,Flat 9 Lancaster - EICR_Ref1145822.pdf,EICR,,,"OCR: 9 Lancaster House, Brownrigg Drive Cramlington Northumberland NE23 6UN Description of premises: Domestic N/A Commercial N/A Industrial N/A O",no,low,"attached to Zoho 2026-05-18; scanned, no text; OCR (unverified) next inspection date: 2031-05-16"
2406742000080334012,"9 Lancaster House, Brownrigg Drive, Cramlington, NE23 6UN",zoho,EPC - 9 Lancaster House.pdf,EPC,2036-04-12,,9 Lancaster House Brownrigg Drive CRAMLINGTON NE23 6UN,yes,high,attached to Zoho 2026-05-15; valid until
2406742000006457056,"Catterick House Main, Cottenham Road, Rotherham, S65 1LD",zoho,EICR -  Catt Hallway 17-03-2030.pdf,EICR,,2030-03-17,"OCR: Catterick House , Cottenham Road , Rotherham, S65 1LD Email: N/A B. REASON FOR PRODUCING THIS REPORT Landlord electrical safety report Date(",no,low,"attached to Zoho 2025-04-07; scanned, no text; OCR (unverified) next inspection date: 2030-03-18"
2406742000000266043,F1 474 Lea Bridge Road E10 7DU,zoho,"EICR - Flat 1, 474 Lea Bridge Road. 7.9.26.pdf",EICR,,2026-09-07,"OCR: Flat 1 474 Lea Bridge road , Leyton, London , E10 Email: N/A 3. REASON FOR PRODUCING Annual Report Date(s) inspection and testing carried ou",no,low,"attached to Zoho 2023-09-08; scanned, no text; OCR (unverified) inspection 2023-09-07 + 5 years (interval not found): 2028-09-07"
2406742000000266043,F1 474 Lea Bridge Road E10 7DU,zoho,NICEIC.pdf,EICR,,,OCR: Purpose for which Occupier: Address: inspection: available: this report is required: --- page 2 --- Original (To the person ordering the wor,no,low,"attached to Zoho 2019-06-14; scanned, no text"
2406742000000266043,F1 474 Lea Bridge Road E10 7DU,zoho,f1 474 Lea bridge road - EICR 3-9-31.pdf,EICR,,2031-09-03,"OCR: Flat 1 474 Lea Bridge Road Leyton E10 7DU Description of premises: N/A Residential Commercial N/A Industrial N/A Other, please specify: N/A ",no,low,"attached to Zoho 2026-09-10; scanned, no text; OCR (unverified) inspection 2026-09-03 + 5 years (interval not found): 2031-09-03"
2406742000000266043,F1 474 Lea Bridge Road E10 7DU,zoho,Flat 1 474 Lea Bridge  EPC.pdf,EPC,2029-03-06,,"Flat 1, 474, Lea Bridge Road, LONDON, E10 7DU",yes,high,attached to Zoho 2019-06-14; date of certificate 2019-03-07 + 10 years - 1 day (gov.uk convention)
2406742000000266043,F1 474 Lea Bridge Road E10 7DU,zoho,F1 474 Lea Bridge gas certificate.pdf,gas,,,,no,low,"attached to Zoho 2021-02-25; scanned, no text"
2406742000000266043,F1 474 Lea Bridge Road E10 7DU,zoho,"Flat 1, 474 - Gas cert 17.2.22.pdf",gas,,2022-02-17,OCR: Postcode: El0 1DU. KITCHEN KiTcHetr CO alarm(s) fitted: Yes This record is issued by: Name & Title: Gas Installation Pipework: Received by: ,no,low,"attached to Zoho 2021-03-17; scanned, no text"
2406742000000266043,F1 474 Lea Bridge Road E10 7DU,zoho,"Flat 1, 474 Lea Bridge Gas safe cer 20-03-27.pdf",gas,,2027-03-20,"OCR: Name (Mr/Mrs/Miss/Ms). Adress Flat (, 474 Lea Briese : 24-30 VA NIE N/n Road 4S10000 Safety Related Defect(s) ISeettied Postcode Eio 70L Con",no,low,"attached to Zoho 2026-03-26; scanned, no text"
2406742000000266043,F1 474 Lea Bridge Road E10 7DU,zoho,"Flat 1, 474-Gas cert 24.3.25.pdf",gas,,2025-03-24,OCR: kW/n or Btu/h or heat input mbar and/ Pass/Fail/NA Yes/No Pass/FaiVNA Pass/Fail/NA (if applicable) Yes/No Yes/No Pass/FaiV/NA Yes/No Name (M,no,low,"attached to Zoho 2024-04-02; scanned, no text"
2406742000000266043,F1 474 Lea Bridge Road E10 7DU,zoho,"Flat 1,474 Lea Bridge Road Gas certificate 13.4.2021.png",gas,,2021-04-13,,no,low,"attached to Zoho 2020-04-15; image attachment, not downloaded"
2406742000000266043,F1 474 Lea Bridge Road E10 7DU,zoho,"Gas Certificate Flat 1, 474 lea bridge 2019.pdf",gas,,,,no,low,"attached to Zoho 2019-05-09; scanned, no text"
2406742000000266043,F1 474 Lea Bridge Road E10 7DU,zoho,"Gas cert for Flat 1, 464 Lea Bridge Road, E10 7DU, 20march2026.pdf",gas,,,"OCR: WTANA HотNи PossFatnu Taatee Name MeMmMasMe NanCy 26-Ika Pess Addres Flat L, 474 Lea Badge Aatar Rass Peyps IN/A Nax o RS No Yes Roaol Sefet",no,low,"attached to Zoho 2025-03-24; scanned, no text"
2406742000000266043,F1 474 Lea Bridge Road E10 7DU,zoho,"Flat 1, 474 Lea Bridge Road, Gas cert. 18.3.24.pdf",gas,2024-03-18,2024-03-18,Name: Murray & Sullivan Address: Flat 1 474 Lea Bridge Road London Postcode: e107du Contact Number: Appliance Details Location Type Manufact,yes,high,attached to Zoho 2023-03-23; next check due
2406742000000266043,F1 474 Lea Bridge Road E10 7DU,zoho,"1,474 Leabridge - Landlord Licence .pdf",licence,,,"OCR: Flat 1 474, Lea Bridge Road London E10 7DU",no,low,"attached to Zoho 2021-08-18; scanned, no text"
2406742000000266043,F1 474 Lea Bridge Road E10 7DU,zoho,License.pdf,licence,,,OCR: Granting of a Private Rented Property Licence Address: Flat 1 474 Lea Bridge Road Leyton London E10 7DU,no,low,"attached to Zoho 2019-06-14; scanned, no text; OCR (unverified) valid until: 2020-03-31"
2406742000000266043,F1 474 Lea Bridge Road E10 7DU,zoho,F1 474 Lea Bridge license.pdf,licence,2026-09-30,,"Flat 1 474, Lea Bridge Road London E10 7DU",yes,high,attached to Zoho 2021-10-05; expiry date
2406742000000266068,FF 225 Church Road E10 7BQ,zoho,FF 225 Church Road -  EICR 27.4.27.pdf,EICR,,2027-04-27,OCR: FF 225 Church Road E107BQ Email: N/A N/A Date(s) inspection and testing carried out: 28/04/2022 Occupier: N/A Address: FF 225 Church Road E1,no,low,"attached to Zoho 2024-02-12; scanned, no text; OCR (unverified) inspection 2022-04-28 + 5 years (interval not found): 2027-04-28"
2406742000000266068,FF 225 Church Road E10 7BQ,zoho,"Flat B, FF 55 Cooper Lane EICR 27.4.27.pdf",EICR,,2027-04-27,OCR: EL AKUFFO Contractor First Action Building Services Signature 186 Roslyn Rd Tottenham London N15 5jj,no,low,"attached to Zoho 2022-05-06; scanned, no text; OCR (unverified) inspection 2022-04-28 + 5 years (interval not found): 2027-04-28"
2406742000000266068,FF 225 Church Road E10 7BQ,zoho,FF 225 Church Rd EPC.pdf,EPC,,,"OCR: First Floor Flat, 225 Church Road, LONDON, E10 7BQ",no,low,"attached to Zoho 2018-06-11; scanned, no text; OCR (unverified) date of certificate 2016-05-11 + 10 years - 1 day (gov.uk convention): 2026-05-10"
2406742000000266068,FF 225 Church Road E10 7BQ,zoho,FF 225 church road EPC - 2036.pdf,EPC,2036-06-15,,First Floor Flat 225A Church Road LEYTON E10 7BQ,yes,high,attached to Zoho 2026-06-16; valid until
2406742000000266068,FF 225 Church Road E10 7BQ,zoho,225 Church Rd Gas cert 3.5.22.jpg,gas,,2022-05-03,,no,low,"attached to Zoho 2021-05-22; image attachment, not downloaded"
2406742000000266068,FF 225 Church Road E10 7BQ,zoho,225 FF Church Road Gas Certificate 31.5.2020.PNG,gas,,2020-05-31,,no,low,"attached to Zoho 2020-06-02; image attachment, not downloaded"
2406742000000266068,FF 225 Church Road E10 7BQ,zoho,FF 225 Church v Road Gas Certificate .pdf,gas,,,,no,low,"attached to Zoho 2019-04-02; scanned, no text"
2406742000000266068,FF 225 Church Road E10 7BQ,zoho,FF 225a church Gas certificate.jpg,gas,,,,no,low,"attached to Zoho 2022-05-19; image attachment, not downloaded"
2406742000000266068,FF 225 Church Road E10 7BQ,zoho,"First Floor, 225 Church Road E10 Gas Cert, 2026.pdf",gas,,,"OCR: PaauFatnis rostio Name (Mr/Mrs/Miss/Ms) 23-3Ar Pass Yer Pas Pess 0.0002 yas Address Fist Floor, 225 chuch Road Safety Related Defect(s) Iden",no,low,"attached to Zoho 2025-05-28; scanned, no text"
2406742000000266068,FF 225 Church Road E10 7BQ,zoho,"Gas Cert for 225 Church Road E10, 23 April 2027.pdf",gas,,2027-04-23,OCR: Address 225 Postcode Contact No Postcode Contact No Postcode Contact No Serial No,no,low,"attached to Zoho 2026-04-24; scanned, no text"
2406742000000266068,FF 225 Church Road E10 7BQ,zoho,"Gas Cert for 225 Church Road E10, First floor.pdf",gas,,,"OCR: e appropriate) Outcome of gas installation pipework visual inspection? Flat 3, Brassen Housk E10 7BQ",no,low,"attached to Zoho 2026-08-27; scanned, no text"
2406742000000266068,FF 225 Church Road E10 7BQ,zoho,"Gas Cert, FF 225 Church Road, E10 7BQ.27.4.24.pdf",gas,,2024-04-27,OCR: Name (Mr/Mrs/Miss/Ms) Name (Mr/Mrs/Miss/Ms) Gas Safe Register No LAD 181513 Outcome of gas tightness test? Number of Appliances tested Postc,no,low,"attached to Zoho 2023-05-01; scanned, no text"
2406742000000266068,FF 225 Church Road E10 7BQ,zoho,"Gas cert 225 Church Road, First floor 27-04-25.pdf",gas,,2025-04-27,OCR: Name (Mr/Mrs/Miss/Ms) Name (Mr/Mrs/Miss/Ms) LAD 585282 Outcome of gas tightness test? Number of Appliances tested ELO Details of Registered ,no,low,"attached to Zoho 2024-06-24; scanned, no text"
2406742000000266068,FF 225 Church Road E10 7BQ,zoho,"Gas cert 225 Church Road, First floor 27.04.2025.pdf",gas,,2025-04-27,OCR: Name (Mr/Mrs/Miss/Ms) Name (Mr/Mrs/Miss/Ms) LAD 585282 Outcome of gas tightness test? Number of Appliances tested ELO Details of Registered ,no,low,"attached to Zoho 2024-06-03; scanned, no text"
2406742000000266068,FF 225 Church Road E10 7BQ,zoho,225 Church Property License.png,licence,,,,no,low,"attached to Zoho 2021-05-11; image attachment, not downloaded"
2406742000000266068,FF 225 Church Road E10 7BQ,zoho,FF 225 Church License.pdf,licence,,,OCR: 225a Church Road,no,low,"attached to Zoho 2018-04-05; scanned, no text; OCR (unverified) valid until: 2020-03-31"
2406742000000266068,FF 225 Church Road E10 7BQ,zoho,225a Church Road  Landlord Licence - WAL-454375303096 - 24 Apr 2030.pdf,licence,2030-04-24,2030-04-24,"225a, Church Road London E10 7BQ",yes,medium,"attached to Zoho 2026-07-29; expiry date; document address reads as FF 225 Church Road E10 7BQ (same building, unit not confirmed); address in document not confirmed"
2406742000000266068,FF 225 Church Road E10 7BQ,zoho,Landlord Licences - FF 225 Church Road - 24 Apr 2030.pdf,licence,2030-04-24,2030-04-24,"225a, Church Road London E10 7BQ",yes,medium,"attached to Zoho 2026-09-02; expiry date; document address reads as FF 225 Church Road E10 7BQ (same building, unit not confirmed); address in document not confirmed"
2406742000000266082,FF 55 Coopers Lane E10 5DG,zoho,FF 55 Coopers Lane Electric Certifite.pdf,EIC,,,OCR: Signature Signature REPLACEMINT Oi CONSUMER UNIT Postcode Elo 5NA * Where the electrical work to which this certificate relates includes the,no,low,"attached to Zoho 2019-06-14; scanned, no text; OCR (unverified) inspection 2016-11-26 + 5 years (interval not found): 2021-11-26"
2406742000000266082,FF 55 Coopers Lane E10 5DG,zoho,FF 55 Electric Certificate.pdf,EIC,,,"OCR: SCHEDULE OF ADDITIONAL RECORDS* SlunK COMMENTS ON EXISTING INSTALLATION enrolled with NICEIC, Warwick House, Houghton Hall Park, Houghton Re",no,low,"attached to Zoho 2019-06-14; scanned, no text; OCR (unverified) inspection 2016-11-26 + 5 years (interval not found): 2021-11-26"
2406742000000266082,FF 55 Coopers Lane E10 5DG,zoho,55 coopers lane EICR - 12.05.30.pdf,EICR,,2030-05-12,"OCR: 7,NORTHVIEW DIRIVIE Trading Trie: SRELECTRICAL WOODKORD GKRRN 12SSEX Date(s) when inspection and testing was carriedout: (2-5-Z)) This repor",no,low,"attached to Zoho 2025-06-24; scanned, no text"
2406742000000266082,FF 55 Coopers Lane E10 5DG,zoho,FF 55 Coopers EPC.pdf,EPC,2028-04-15,,2/23/2021 Energy performance certificate (EPC) - Find an energy certificate - GOV.UK https://find-energy-certificate.digital.communities.gov,yes,high,attached to Zoho 2021-02-23; valid until
2406742000000266082,FF 55 Coopers Lane E10 5DG,zoho,FF 55 EPC  Coopers Lane.pdf,EPC,2028-04-15,,"First Floor Flat, 55 Coopers Lane, LONDON, E10 5DG",yes,high,attached to Zoho 2019-06-14; date of certificate 2018-04-16 + 10 years - 1 day (gov.uk convention)
2406742000000266082,FF 55 Coopers Lane E10 5DG,zoho,55 FF Cooper Lane Gas Certificate 23.8.2021.pdf,gas,,2021-08-23,,no,low,"attached to Zoho 2020-08-27; scanned, no text"
2406742000000266082,FF 55 Coopers Lane E10 5DG,zoho,FF 55 Cooper Lane Gas cert 31.8.22.jpg,gas,,2022-08-31,,no,low,"attached to Zoho 2021-09-04; image attachment, not downloaded"
2406742000000266082,FF 55 Coopers Lane E10 5DG,zoho,FF 55 Coopers Gas Certificate .pdf,gas,,,,no,low,"attached to Zoho 2019-06-14; scanned, no text; OCR (unverified) next check due: 2018-08-29"
2406742000000266082,FF 55 Coopers Lane E10 5DG,zoho,FF 55 Coopers Lane Gas Cert.pdf,gas,,,OCR: TAKEN DETAILS OF WORK CARRIED OUT Heating London's Homes HEGISTER säfe E10 5NA,no,low,"attached to Zoho 2019-06-14; scanned, no text"
2406742000000266082,FF 55 Coopers Lane E10 5DG,zoho,"Gas Cert 55a, coopers lane 3-oct-2026.pdf",gas,,2026-10-03,OCR: 1 29.3kл Dass Yes Pass Dass 0.0008 NO Yes PassFa3 FassFa Name (Mr/Mrs/Miss/Ms) 2 7.3/u Pars Yes NIA N/A N/A NO Yof PassFul FessFell Address ,no,low,"attached to Zoho 2025-10-08; scanned, no text"
2406742000000266082,FF 55 Coopers Lane E10 5DG,zoho,"Gas Cert for 55 Coopers Lane, First Floor, E10, 30-sep-2025.pdf",gas,,2025-09-30,OCR: lass Yes Pass 0-0007 NO Yes Name (Mr/Mrs/Miss/Ms) 29-2ka Address 55 (oopers Lone 7:3tal raSL Yes N(A N/A N/A No Ves First Floor Flat Warning,no,low,"attached to Zoho 2024-10-04; scanned, no text"
2406742000000266082,FF 55 Coopers Lane E10 5DG,zoho,Gas Certificate Ref72295533 55 (FF) Coopers Lane.pdf,gas,,,,no,low,"attached to Zoho 2019-09-09; scanned, no text"
2406742000000266082,FF 55 Coopers Lane E10 5DG,zoho,FF 55 Coopers L Property License.pdf,licence,,,,no,low,"attached to Zoho 2019-06-14; scanned, no text; OCR (unverified) valid until: 2020-03-31"
2406742000000266082,FF 55 Coopers Lane E10 5DG,zoho,FF 55 Coopers property license.pdf,licence,,,"First Floor Flat 55, Coopers Lane London E10 5DG",yes,low,attached to Zoho 2021-03-09; expiry date; DRAFT licence
2406742000000266082,FF 55 Coopers Lane E10 5DG,zoho,TV-Licence-application-for-MR-DM-MURRAY-admin-propertysauce-co-Property-Sauce-Mail-10-30-2024_07_57_AM.png,licence,,,,no,low,"attached to Zoho 2024-10-30; image attachment, not downloaded"
2406742000000266082,FF 55 Coopers Lane E10 5DG,zoho,55 Coopers Lane TV License - 30 Sep 2026.pdf,other,,2026-09-30,,yes,low,attached to Zoho 2025-09-30; not a certificate (skipped)
2406742000000266082,FF 55 Coopers Lane E10 5DG,zoho,FF 55 Coopers Lane TV License 30-09-2025.pdf,other,,2025-09-30,,yes,low,attached to Zoho 2024-11-06; not a certificate (skipped)
2406742000028830153,"Flat 1, 253 Lea Bridge Road, E10 7NE",zoho,F1 253 Lea Bridge Electrical Certificate.pdf,EICR,,,,no,low,"attached to Zoho 2021-03-25; scanned, no text"
2406742000028830153,"Flat 1, 253 Lea Bridge Road, E10 7NE",zoho,"Flat 1, 253 Lea Bridge Road EICR.27.4.27.pdf",EICR,,2027-04-27,"OCR: Flat 1 253 Lea Bridge Road, Leyton, London, E10 7NE Email: N/A N/A Date(s) inspection and testing carried out: 28/04/2022 Occupier: N/A Addr",no,low,"attached to Zoho 2022-04-28; scanned, no text; OCR (unverified) inspection 2022-04-28 + 5 years (interval not found): 2027-04-28"
2406742000028830153,"Flat 1, 253 Lea Bridge Road, E10 7NE",zoho,F1 1253 Lea Bridge-EPC.pdf,EPC,,,"OCR: 25 mz Total floor area: Use this document to: RdSAP, existing dwelling",no,low,"attached to Zoho 2021-03-25; scanned, no text; OCR (unverified) date of certificate 2018-07-31 + 10 years - 1 day (gov.uk convention): 2028-07-30"
2406742000028830153,"Flat 1, 253 Lea Bridge Road, E10 7NE",zoho,"Flat 1, 253 Lea Bridge Rd Gas Cert, 10.10.22.jpeg",gas,,2022-10-10,,no,low,"attached to Zoho 2021-12-01; image attachment, not downloaded"
2406742000028830153,"Flat 1, 253 Lea Bridge Road, E10 7NE",zoho,"Flat 1, 253 Lea Bridge Road Gas Certificate.jpg",gas,,,,no,low,"attached to Zoho 2021-03-25; image attachment, not downloaded"
2406742000028830153,"Flat 1, 253 Lea Bridge Road, E10 7NE",zoho,"Flat 1, 253 leabridge gas cert 24-03-27.pdf",gas,,2027-03-24,,no,low,"attached to Zoho 2026-03-26; scanned, no text"
2406742000028830153,"Flat 1, 253 Lea Bridge Road, E10 7NE",zoho,"Flat 1,253 Lea Bridge Road, Gas certificate 4.11.2021 (1).PNG",gas,,2021-11-04,,no,low,"attached to Zoho 2021-03-25; image attachment, not downloaded"
2406742000028830153,"Flat 1, 253 Lea Bridge Road, E10 7NE",zoho,"Gas cert for Flat 1, 253 Lea Bridge Road E10,3.11.24.pdf",gas,,2024-11-03,OCR: kW/n or Btu/h or heat input device(s) Pass/FailNA Yes/No Pass/Fai/NA Pass/Fai/NA Yes/No Yes/No Pass/Fail/NA Yes/No Name (Mr/Mrs/Miss/Ms) Pas,no,low,"attached to Zoho 2023-11-07; scanned, no text"
2406742000028830153,"Flat 1, 253 Lea Bridge Road, E10 7NE",zoho,"Gas cert for Flat 1, 253 Leabridge Road E10, 2026.pdf",gas,,,"OCR: PasTulNA Vestio Pиsтaли PanTalNe TeeNe Name (Mr/Mrs/MissMal 135kw Pa88 Yes _ Pcst Pase 0.OU0ю No tel Atdres Flet 1, 253 Leabridge Miake Pess",no,low,"attached to Zoho 2025-05-28; scanned, no text"
2406742000028830153,"Flat 1, 253 Lea Bridge Road, E10 7NE",zoho,"Flat 1, 253 Lea Bridge Gas cert, 18.11.23.pdf",gas,2023-11-18,2023-11-18,Name: Damian Murray Address: 253 Lea Bridge Road Flat 1 London Postcode: e10 7NE Contact Number: Appliance Details Location Type Manufacture,yes,high,attached to Zoho 2022-11-21; next check due
2406742000028830153,"Flat 1, 253 Lea Bridge Road, E10 7NE",zoho,"Selective License Flat1, 253 Lea Bridge Road.pdf",licence,2026-02-21,,"Flat 1 253, Lea Bridge Road London E10 7NE",yes,high,attached to Zoho 2024-01-12; expiry date
2406742000022539022,"Flat 1, 35 Lord Street, Blackpool, FY1 2BD",zoho,35 Lord Stree- Landlord License Apllication -5077221.pdf,EICR,,,"admin@propertysauce.co Date of birth: 01/Dec/1990 Is the proposed licence holder part of a company, partnership or trust? No If the proposed",yes,low,attached to Zoho 2025-04-22; no key date found in text
2406742000022539022,"Flat 1, 35 Lord Street, Blackpool, FY1 2BD",zoho,Flat 1 Lord st EICR 23-09-30.pdf,EICR,,2030-09-23,"OCR: Fla1 35 Lord Street, , Blackpool, FY12BD Email: N/A B. REASON FOR PRODUCING THIS REPORT Landlord electrical safety report Date(s) inspection",no,low,"attached to Zoho 2025-09-24; scanned, no text; OCR (unverified) next inspection date: 2030-09-23"
2406742000022539022,"Flat 1, 35 Lord Street, Blackpool, FY1 2BD",zoho,Flat 1 Lord Street EPC.pdf,EPC,2030-10-31,,Date of assessment 31 October 2020 Date of certificate 1 November 2020,yes,high,attached to Zoho 2021-03-18; valid until
2406742000022539022,"Flat 1, 35 Lord Street, Blackpool, FY1 2BD",zoho,Landlord Licence - 31 Mar 2030.PDF,licence,2030-03-31,2030-03-31,"35 Lord Street, Blackpool, FY1 2BD",yes,medium,"attached to Zoho 2026-04-23; expiry date; document address reads as Flat 3, 35 Lord Street, Blackpool, FY1 2BD (same building, unit not confirmed); address in document not confirmed"
2406742000008555001,"Flat 1, 96 Pearcroft Road - E11 4DR",zoho,Electric Certificate 96 Pearcroft 07.01.2023.pdf,EIC,,2023-01-07,"OCR: a except for the departures, if any, detaiíled as folows. knowledge and Highway Installation E11 3JL",no,low,"attached to Zoho 2019-12-04; scanned, no text; OCR (unverified) inspection 2018-01-08 + 5 years: 2023-01-08"
2406742000008555001,"Flat 1, 96 Pearcroft Road - E11 4DR",drive,"2024-02-11__gmail__Electrical Cert -  Flat 1, 96 Pearcraft Road 8.2.28.pdf",EICR,,2028-02-08,"OCR: 96 FLATI, PRARCRAET 120AD Address: 7, NDRTHVIEW DRIVE Address: WOUDFORDGRRBN ESSEX LONDON Postcode: /488QJ TelNo:0794/U09741 Postcode: Tel N",no,low,"email date 2024-02-11; matched by filename (high: street:0.85,flat,housenum); scanned, no text"
2406742000008555001,"Flat 1, 96 Pearcroft Road - E11 4DR",zoho,Electrical Cert - 96 Flat 1 Pearcraft Road 8.2.28.pdf,EICR,,2028-02-08,"OCR: 96 FLATI, PRARCRAET 120AD Address: 7, NDRTHVIEW DRIVE Address: WOUDFORDGRRBN ESSEX LONDON Postcode: /488QJ TelNo:0794/U09741 Postcode: Tel N",no,low,"attached to Zoho 2023-04-26; scanned, no text"
2406742000008555001,"Flat 1, 96 Pearcroft Road - E11 4DR",zoho,EPC for 96 Pearcroft 16.02.2021.pdf,EPC,,2021-02-16,OCR: Flat 1,no,low,"attached to Zoho 2019-12-04; scanned, no text; OCR (unverified) date of certificate 2011-02-17 + 10 years - 1 day (gov.uk convention): 2021-02-16"
2406742000008555001,"Flat 1, 96 Pearcroft Road - E11 4DR",zoho,"(EPC) - Flat 1, 96 Pearcroft Road.pdf",EPC,2031-01-11,,GROUND FLOOR FLAT 1 96 PEARCROFT ROAD LEYTONSTONE E11 4DR,yes,high,attached to Zoho 2025-11-06; valid until
2406742000008555001,"Flat 1, 96 Pearcroft Road - E11 4DR",zoho,Electric Meter.jpeg,electrical,,,,no,low,"attached to Zoho 2023-12-29; image attachment, not downloaded"
2406742000008555001,"Flat 1, 96 Pearcroft Road - E11 4DR",drive,"2026-03-18__propertysauce-co__Gas Cert for Flat 1, 96 Pearcroft Road E11 21-Dec-2025.pdf",gas,,2025-12-21,OCR: Pass/FailNA Yes/No Pass/FalVNA Pass/FailNA Yes/No Yes/No Tested Tested Name (Mr/Mrs/Miss/Ms) 20mн Kcss Yes Pass Parr 0.0009 No Address. Flat,no,low,"email date 2026-03-18; matched by filename (high: street:1.0,flat,housenum); scanned, no text"
2406742000008555001,"Flat 1, 96 Pearcroft Road - E11 4DR",drive,"2026-03-18__propertysauce-co__Gas Cert for Flat 1, 96 Pearcroft Road E11,  17-Dec-2026 (1).pdf",gas,,2026-12-17,OCR: Name (Mr/Mrs/Miss/Ms) Gas Sate Register No. 8178 392300 Outcome of gas tightness test? Number of Appliances tested Detalls of Registered Bus,no,low,"email date 2026-03-18; matched by filename (high: street:1.0,flat,housenum); scanned, no text"
2406742000008555001,"Flat 1, 96 Pearcroft Road - E11 4DR",drive,"2026-03-18__propertysauce-co__Gas cert for flat 1, 96 Pearcroft Road.pdf",gas,,,OCR: ncy Control Valve access satisfactory? Is the Protective Equipotential bonding satisfactory? E14 3QT,no,low,"email date 2026-03-18; matched by filename (high: street:1.0,flat,housenum); scanned, no text"
2406742000008555001,"Flat 1, 96 Pearcroft Road - E11 4DR",zoho,"Flat 1,96 Pearcroft Gas certificate 3.1.2022.jpg",gas,,2022-01-03,,no,low,"attached to Zoho 2021-01-05; image attachment, not downloaded"
2406742000008555001,"Flat 1, 96 Pearcroft Road - E11 4DR",zoho,"Gas Cert for Flat 1, 96 Pearcroft Road E11 21-Dec-2025.pdf",gas,,2025-12-21,OCR: Pass/FailNA Yes/No Pass/FalVNA Pass/FailNA Yes/No Yes/No Tested Tested Name (Mr/Mrs/Miss/Ms) 20mн Kcss Yes Pass Parr 0.0009 No Address. Flat,no,low,"attached to Zoho 2024-12-27; scanned, no text"
2406742000008555001,"Flat 1, 96 Pearcroft Road - E11 4DR",zoho,"Gas Cert for Flat 1, 96 Pearcroft Road E11,  17-Dec-2026.pdf",gas,,2026-12-17,OCR: Name (Mr/Mrs/Miss/Ms) Gas Sate Register No. 8178 392300 Outcome of gas tightness test? Number of Appliances tested Detalls of Registered Bus,no,low,"attached to Zoho 2025-12-31; scanned, no text"
2406742000008555001,"Flat 1, 96 Pearcroft Road - E11 4DR",zoho,Gas Certificate 96 Pearcroft 18.01.2020.pdf,gas,,2020-01-18,OCR: REMEDIALACTION TAKEN DETAILS OF WORK CARRIED OUT Titng130901 Iocs säfe E11 4DR,no,low,"attached to Zoho 2019-12-04; scanned, no text"
2406742000008555001,"Flat 1, 96 Pearcroft Road - E11 4DR",zoho,"Gas Certificate Flat 1,96 Pearcroft 8.01.2021.pdf",gas,,2021-01-08,,no,low,"attached to Zoho 2020-01-10; scanned, no text"
2406742000008555001,"Flat 1, 96 Pearcroft Road - E11 4DR",zoho,"Gas cert for flat 1, 96 Pearcroft Road.pdf",gas,,,OCR: ncy Control Valve access satisfactory? Is the Protective Equipotential bonding satisfactory? E14 3QT,no,low,"attached to Zoho 2023-12-23; scanned, no text"
2406742000008555001,"Flat 1, 96 Pearcroft Road - E11 4DR",drive,"2026-03-18__propertysauce-co__Gas cert - Flat 1, 96 Peacroft  10.1.24.pdf",gas,2024-01-10,2024-01-10,Name: Yusuf Loonat Address: 96 Pearcroft Road flat 1 London Postcode: e114dr Contact Number: Appliance Details Location Type Manufacturer Mo,yes,high,"email date 2026-03-18; matched by filename (high: street:0.85,flat,housenum); next check due"
2406742000008555001,"Flat 1, 96 Pearcroft Road - E11 4DR",zoho,"Flat 1, 96 Peacroft Gas cert. 10.1.24.pdf",gas,2024-01-10,2024-01-10,Name: Yusuf Loonat Address: 96 Pearcroft Road flat 1 London Postcode: e114dr Contact Number: Appliance Details Location Type Manufacturer Mo,yes,high,attached to Zoho 2023-01-18; next check due
2406742000008555001,"Flat 1, 96 Pearcroft Road - E11 4DR",drive,"2024-12-17__propertysauce-co__Gas cert for Flat 1, 96 Peacroft Road E11.pdf",other,,,,yes,low,"email date 2024-12-17; matched by filename (high: street:0.85,flat,housenum); not a certificate (skipped)"
2406742000016791028,"Flat 1, Catterick House, Cottenham Road, S65 1LD",zoho,"1 Catterick House EICR, 16.1.26.pdf",EICR,,2026-01-16,"OCR: Apartment 1 Catterick House Rotherham S65 1LD Description of premises: Domestic N/A Commercial N/A Industrial N/A Other, please specify: N/A",no,low,"attached to Zoho 2023-03-13; scanned, no text; OCR (unverified) inspection 2021-01-16 + 5 years (interval not found): 2026-01-16"
2406742000016791028,"Flat 1, Catterick House, Cottenham Road, S65 1LD",zoho,EICR - Flat 1 Catt 17-03-2030.pdf,EICR,,2030-03-17,"OCR: 1 Catterick House, Cottenham Road , Rotherham, S65 1LD Email: N/A B. REASON FOR PRODUCING THIS REPORT Landlord electrical safety report Date",no,low,"attached to Zoho 2025-04-08; scanned, no text; OCR (unverified) next inspection date: 2030-03-17"
2406742000016791028,"Flat 1, Catterick House, Cottenham Road, S65 1LD",zoho,EICR Flat 1 Catt 26-03-2030.pdf,EICR,,2030-03-26,"OCR: 1 Catterick House Cottenham Road Rotherham S65 1LD Description of premises: Domestic N/A Commercial N/A Industrial N/A Other, please specify",no,low,"attached to Zoho 2026-04-06; scanned, no text; OCR (unverified) next inspection date: 2030-03-26"
2406742000016791028,"Flat 1, Catterick House, Cottenham Road, S65 1LD",zoho,Flat 1 Catterick House EICR.pdf,EICR,,,"OCR: Apartment 1, Catterick House, Rotherham , S65 1LD Email: N/A N/A Date(s) inspection and testing carried out: 24/03/2021 Occupier: N/A Addres",no,low,"attached to Zoho 2021-05-29; scanned, no text; OCR (unverified) next inspection date: 2026-03-24"
2406742000016791028,"Flat 1, Catterick House, Cottenham Road, S65 1LD",zoho,1 Catterick House - EPC.pdf,EPC,2029-09-10,,"1 Catterick House, Cottenham Road, ROTHERHAM, S65 1LD",yes,high,attached to Zoho 2019-10-04; date of certificate 2019-09-11 + 10 years - 1 day (gov.uk convention)
2406742000016791028,"Flat 1, Catterick House, Cottenham Road, S65 1LD",zoho,1 catterick house Electric certificate.pdf,electrical,,,,no,low,"attached to Zoho 2019-11-01; text layer is the blank NICEIC form template (sample data), real certificate is an image; scanned, no text"
2406742000016791028,"Flat 1, Catterick House, Cottenham Road, S65 1LD",zoho,Catterick Property license .pdf,licence,,,"OCR: ng Team Rotherham Community Safety and Street Scene Riverside House, Main Street, Rotherham, S60 1AE",no,low,"attached to Zoho 2020-04-17; scanned, no text"
2406742000016791028,"Flat 1, Catterick House, Cottenham Road, S65 1LD",zoho,Catterick License.html,licence,2025-04-30,,"ION LICENCE No. [ 052217 ] OF PROPERTY Catterick House, Cottenham Road, Eastwood, Rotherham, S65 1LD",yes,medium,"attached to Zoho 2023-03-14; expiry date; document address reads as Catterick House Main, Cottenham Road, Rotherham, S65 1LD (same building, unit not confirmed); address in document not confirmed"
2406742000016791028,"Flat 1, Catterick House, Cottenham Road, S65 1LD",zoho,Catterick Property License Exp 2025.html,licence,2025-04-30,,"ION LICENCE No. [ 052217 ] OF PROPERTY Catterick House, Cottenham Road, Eastwood, Rotherham, S65 1LD",yes,medium,"attached to Zoho 2023-09-19; expiry date; document address reads as Catterick House Main, Cottenham Road, Rotherham, S65 1LD (same building, unit not confirmed); address in document not confirmed"
2406742000013437763,"Flat 10, Catterick House, Cottenham Road, S65 1LD",zoho,10 Catterick House-EICR.pdf,EIC,,,OCR: address Appartment 10 Catterick House Beaucatt Homes Rotherham 389 High Rd Leyton Postcode: E10 Postcode: S65 ILD DETAILS OF THE INSTALLATIO,no,low,"attached to Zoho 2021-03-08; scanned, no text; OCR (unverified) inspection 2021-01-17 + 5 years (interval not found): 2026-01-17"
2406742000013437763,"Flat 10, Catterick House, Cottenham Road, S65 1LD",zoho,"10 Catterick House EICR, 16.1.26.pdf",EICR,,2026-01-16,"OCR: Apartment 10 Catterick House Rotherham S65 1LD Description of premises: Domestic N/A Commercial N/A Industrial N/A Other, please specify: N/",no,low,"attached to Zoho 2023-03-13; scanned, no text; OCR (unverified) inspection 2021-01-16 + 5 years (interval not found): 2026-01-16"
2406742000013437763,"Flat 10, Catterick House, Cottenham Road, S65 1LD",zoho,EICR - Flat 10 Catt 17-03-2030.pdf,EICR,,2030-03-17,"OCR: 10 Catterick House, Cottenham Road, Rotherham, S65 1LD Email: N/A B. REASON FOR PRODUCING THIS REPORT Landlord electrical safety report Date",no,low,"attached to Zoho 2025-04-08; scanned, no text; OCR (unverified) next inspection date: 2030-03-17"
2406742000013437763,"Flat 10, Catterick House, Cottenham Road, S65 1LD",zoho,EICR Flat 10 Catt 24-03-2030.pdf,EICR,,2030-03-24,"OCR: 10 Catterick House Cottenham Road Rotherham S65 1LD Description of premises: Domestic N/A Commercial N/A Industrial N/A Other, please specif",no,low,"attached to Zoho 2026-04-09; scanned, no text; OCR (unverified) next inspection date: 2030-03-24"
2406742000013437763,"Flat 10, Catterick House, Cottenham Road, S65 1LD",zoho,10 Catterick EPC.pdf,EPC,2028-08-15,,"10 Catterick House, Cottenham Road, ROTHERHAM, S65 1LD",yes,high,attached to Zoho 2020-04-08; date of certificate 2018-08-16 + 10 years - 1 day (gov.uk convention)
2406742000013437763,"Flat 10, Catterick House, Cottenham Road, S65 1LD",zoho,10 Catterick House EPC.pdf,EPC,2028-08-15,,"10 Catterick House, Cottenham Road, ROTHERHAM, S65 1LD",yes,high,attached to Zoho 2019-09-12; date of certificate 2018-08-16 + 10 years - 1 day (gov.uk convention)
2406742000013437763,"Flat 10, Catterick House, Cottenham Road, S65 1LD",zoho,10 catterick house Electric certificate.pdf,electrical,,,,no,low,"attached to Zoho 2019-11-01; text layer is the blank NICEIC form template (sample data), real certificate is an image; scanned, no text"
2406742000013437763,"Flat 10, Catterick House, Cottenham Road, S65 1LD",zoho,Catterick Property license .pdf,licence,,,"OCR: ng Team Rotherham Community Safety and Street Scene Riverside House, Main Street, Rotherham, S60 1AE",no,low,"attached to Zoho 2020-04-17; scanned, no text"
2406742000013437763,"Flat 10, Catterick House, Cottenham Road, S65 1LD",zoho,Catterick Property License Exp 2025.html,licence,2025-04-30,,"ION LICENCE No. [ 052217 ] OF PROPERTY Catterick House, Cottenham Road, Eastwood, Rotherham, S65 1LD",yes,medium,"attached to Zoho 2023-09-19; expiry date; document address reads as Catterick House Main, Cottenham Road, Rotherham, S65 1LD (same building, unit not confirmed); address in document not confirmed"
2406742000080325013,"Flat 11 Lancaster House, Browrigg Drive, Cramlington, NE23 6UN",zoho,Flat 11 Lancaster - EICR_Ref46367783.pdf,EICR,,,"OCR: 11 Lancaster House, Brownrigg Drive Cramlington Northumberland NE23 6UN Description of premises: Domestic N/A Commercial N/A Industrial N/A ",no,low,"attached to Zoho 2026-05-18; scanned, no text; OCR (unverified) next inspection date: 2031-05-16"
2406742000080325013,"Flat 11 Lancaster House, Browrigg Drive, Cramlington, NE23 6UN",zoho,EPC - 11 Lancaster.pdf,EPC,2036-04-12,,11 Lancaster House Brownrigg Drive CRAMLINGTON NE23 6UN,yes,high,attached to Zoho 2026-05-15; valid until
2406742000013437691,"Flat 11, Catterick House, Cottenham Road, S65 1LD",zoho,11- Catteric House -EICR.pdf,EIC,,,OCR: address Appartment 11 Catterick House Beaucatt Homes Rotherham 389 High Rd Leyton Postcode: E10 Postcode: S65 ILD DETAILS OF THE INSTALLATIO,no,low,"attached to Zoho 2021-03-06; scanned, no text; OCR (unverified) inspection 2021-01-17 + 5 years (interval not found): 2026-01-17"
2406742000013437691,"Flat 11, Catterick House, Cottenham Road, S65 1LD",zoho,"11 Catterick House EICR, 16.1.26.pdf",EICR,,2026-01-16,"OCR: Apartment 11 Catterick House Rotherham S65 1LD Description of premises: Domestic N/A Commercial N/A Industrial N/A Other, please specify: N/",no,low,"attached to Zoho 2023-03-13; scanned, no text; OCR (unverified) inspection 2021-01-16 + 5 years (interval not found): 2026-01-16"
2406742000013437691,"Flat 11, Catterick House, Cottenham Road, S65 1LD",zoho,Catt 11 - EICR 17-3-2030.pdf,EICR,,2030-03-17,"OCR: 11 Catterick House, Cottenham Road , Rotherham, S65 1LD Email: N/A B. REASON FOR PRODUCING THIS REPORT Landlord electrical safety report Dat",no,low,"attached to Zoho 2025-06-20; scanned, no text; OCR (unverified) next inspection date: 2030-03-17"
2406742000013437691,"Flat 11, Catterick House, Cottenham Road, S65 1LD",zoho,EICR Flat 11 Catt 24-03-2030.pdf,EICR,,2030-03-24,"OCR: 11 Catterick House Cottenham Road Rotherham S65 1LD Description of premises: Domestic N/A Commercial N/A Industrial N/A Other, please specif",no,low,"attached to Zoho 2026-04-09; scanned, no text; OCR (unverified) next inspection date: 2030-03-24"
2406742000013437691,"Flat 11, Catterick House, Cottenham Road, S65 1LD",zoho,11 Catterick House EPC.pdf,EPC,2029-09-11,,"11 Catterick House, Cottenham Road, ROTHERHAM, S65 1LD",yes,high,attached to Zoho 2019-09-12; date of certificate 2019-09-12 + 10 years - 1 day (gov.uk convention)
2406742000013437691,"Flat 11, Catterick House, Cottenham Road, S65 1LD",zoho,11 catterick house Electric certificate.pdf,electrical,,,,no,low,"attached to Zoho 2019-11-01; text layer is the blank NICEIC form template (sample data), real certificate is an image; scanned, no text"
2406742000013437691,"Flat 11, Catterick House, Cottenham Road, S65 1LD",zoho,Catterick Property license .pdf,licence,,,"OCR: ng Team Rotherham Community Safety and Street Scene Riverside House, Main Street, Rotherham, S60 1AE",no,low,"attached to Zoho 2020-04-17; scanned, no text"
2406742000013437691,"Flat 11, Catterick House, Cottenham Road, S65 1LD",zoho,Catterick Property License Exp 2025.html,licence,2025-04-30,,"ION LICENCE No. [ 052217 ] OF PROPERTY Catterick House, Cottenham Road, Eastwood, Rotherham, S65 1LD",yes,medium,"attached to Zoho 2023-09-19; expiry date; document address reads as Catterick House Main, Cottenham Road, Rotherham, S65 1LD (same building, unit not confirmed); address in document not confirmed"
2406742000013437619,"Flat 12, Catterick House, Cottenham Road, S65 1LD",zoho,12-Catterick Houe-EICR.pdf,EIC,,,OCR: address Appartment 12 Catterick House Beaucatt Homes Rotherham 389 High Rd Leyton Postcode: E10 Postcode: S65 ILD DETAILS OF THE INSTALLATIO,no,low,"attached to Zoho 2021-03-06; scanned, no text; OCR (unverified) inspection 2021-01-17 + 5 years (interval not found): 2026-01-17"
2406742000013437619,"Flat 12, Catterick House, Cottenham Road, S65 1LD",zoho,"12 Catterick House EICR, 16.1.26.pdf",EICR,,2026-01-16,"OCR: Apartment 12 Catterick House Rotherham S65 1LD Description of premises: Domestic N/A Commercial N/A Industrial N/A Other, please specify: N/",no,low,"attached to Zoho 2023-03-13; scanned, no text; OCR (unverified) inspection 2021-01-16 + 5 years (interval not found): 2026-01-16"
2406742000013437619,"Flat 12, Catterick House, Cottenham Road, S65 1LD",zoho,EICR - Flat 12 Catt 17-03-2030.pdf,EICR,,2030-03-17,"OCR: 12 Catterick House , Cottenham Road , Rotherham, S65 1LD Email: N/A B. REASON FOR PRODUCING THIS REPORT Landlord electrical safety report Da",no,low,"attached to Zoho 2025-06-20; scanned, no text; OCR (unverified) next inspection date: 2030-03-17"
2406742000013437619,"Flat 12, Catterick House, Cottenham Road, S65 1LD",zoho,EICR Flat 12 Catt 23-03-2030.pdf,EICR,,2030-03-23,"OCR: 12 Catterick House Cottenham Road Rotherham S65 1LD Description of premises: Domestic N/A Commercial N/A Industrial N/A Other, please specif",no,low,"attached to Zoho 2026-04-09; scanned, no text; OCR (unverified) next inspection date: 2030-03-23"
2406742000013437619,"Flat 12, Catterick House, Cottenham Road, S65 1LD",zoho,"Flat 12, EICR.pdf",EICR,,,"OCR: Apartment 12 , Caterick House ,Rotherham, Email: N/A N/A Date(s) inspection and testing carried out: 26/10/2021 Occupier: Address: 12 Apartm",no,low,"attached to Zoho 2021-10-27; scanned, no text; OCR (unverified) next inspection date: 2021-10-26"
2406742000013437619,"Flat 12, Catterick House, Cottenham Road, S65 1LD",zoho,12 Catterick House EPC.pdf,EPC,2029-09-11,,"12 Catterick House, Cottenham Road, ROTHERHAM, S65 1LD",yes,high,attached to Zoho 2019-09-12; date of certificate 2019-09-12 + 10 years - 1 day (gov.uk convention)
2406742000013437619,"Flat 12, Catterick House, Cottenham Road, S65 1LD",zoho,12 catterick house Electric certificate.pdf,electrical,,,,no,low,"attached to Zoho 2019-11-01; text layer is the blank NICEIC form template (sample data), real certificate is an image; scanned, no text"
2406742000013437619,"Flat 12, Catterick House, Cottenham Road, S65 1LD",zoho,Catterick Property license .pdf,licence,,,"OCR: ng Team Rotherham Community Safety and Street Scene Riverside House, Main Street, Rotherham, S60 1AE",no,low,"attached to Zoho 2020-04-17; scanned, no text"
2406742000013437619,"Flat 12, Catterick House, Cottenham Road, S65 1LD",zoho,Catterick Property License Exp 2025.html,licence,2025-04-30,,"ION LICENCE No. [ 052217 ] OF PROPERTY Catterick House, Cottenham Road, Eastwood, Rotherham, S65 1LD",yes,medium,"attached to Zoho 2023-09-19; expiry date; document address reads as Catterick House Main, Cottenham Road, Rotherham, S65 1LD (same building, unit not confirmed); address in document not confirmed"
2406742000013437547,"Flat 13, Catterick House, Cottenham Road, S65 1LD",zoho,13 Catterick House-EICR.pdf,EIC,,,OCR: address Appartment 13 Catterick House Beaucatt Homes Rotherham 389 High Rd Leyton Postcode: E10 Postcode: S65 ILD DETAILS OF THE INSTALLATIO,no,low,"attached to Zoho 2021-03-06; scanned, no text; OCR (unverified) inspection 2021-01-17 + 5 years (interval not found): 2026-01-17"
2406742000013437547,"Flat 13, Catterick House, Cottenham Road, S65 1LD",zoho,"13 Catterick House EICR, 16.1.26.pdf",EICR,,2026-01-16,"OCR: Apartment 13 Catterick House Rotherham S65 1LD Description of premises: Domestic N/A Commercial N/A Industrial N/A Other, please specify: N/",no,low,"attached to Zoho 2023-03-13; scanned, no text; OCR (unverified) inspection 2021-01-16 + 5 years (interval not found): 2026-01-16"
2406742000013437547,"Flat 13, Catterick House, Cottenham Road, S65 1LD",zoho,Catt 13 - EICR 17-3-2030.pdf,EICR,,2030-03-17,"OCR: 13 Catterick House, Cottenham Road , Rotherham, S65 1LD Email: N/A B. REASON FOR PRODUCING THIS REPORT Landlord electrical safety report Dat",no,low,"attached to Zoho 2025-06-20; scanned, no text; OCR (unverified) next inspection date: 2030-03-17"
2406742000013437547,"Flat 13, Catterick House, Cottenham Road, S65 1LD",zoho,EICR Flat 13 Catt 24-03-2030.pdf,EICR,,2030-03-24,"OCR: 13 Catterick House Cottenham Road Rotherham S65 1LD Description of premises: Domestic N/A Commercial N/A Industrial N/A Other, please specif",no,low,"attached to Zoho 2026-04-09; scanned, no text; OCR (unverified) next inspection date: 2030-03-24"
2406742000013437547,"Flat 13, Catterick House, Cottenham Road, S65 1LD",zoho,13 Catterick House EPC.pdf,EPC,2029-09-11,,"13 Catterick House, Cottenham Road, ROTHERHAM, S65 1LD",yes,high,attached to Zoho 2019-09-12; date of certificate 2019-09-12 + 10 years - 1 day (gov.uk convention)
2406742000013437547,"Flat 13, Catterick House, Cottenham Road, S65 1LD",zoho,13 catterick house Electric certificate.pdf,electrical,,,,no,low,"attached to Zoho 2019-11-01; text layer is the blank NICEIC form template (sample data), real certificate is an image; scanned, no text"
2406742000013437547,"Flat 13, Catterick House, Cottenham Road, S65 1LD",zoho,Catterick Property license .pdf,licence,,,"OCR: ng Team Rotherham Community Safety and Street Scene Riverside House, Main Street, Rotherham, S60 1AE",no,low,"attached to Zoho 2020-04-17; scanned, no text"
2406742000013437547,"Flat 13, Catterick House, Cottenham Road, S65 1LD",zoho,Catterick Property License Exp 2025.html,licence,2025-04-30,,"ION LICENCE No. [ 052217 ] OF PROPERTY Catterick House, Cottenham Road, Eastwood, Rotherham, S65 1LD",yes,medium,"attached to Zoho 2023-09-19; expiry date; document address reads as Catterick House Main, Cottenham Road, Rotherham, S65 1LD (same building, unit not confirmed); address in document not confirmed"
2406742000013437475,"Flat 14, Catterick House, Cottenham Road, S65 1LD",zoho,14 Catterick House-EICR.pdf,EIC,,,OCR: address Appartment 14 Catterick House Beaucatt Homes Rotherham 389 High Rd Leyton Postcode: E10 Postcode: S65 ILD DETAILS OF THE INSTALLATIO,no,low,"attached to Zoho 2021-03-06; scanned, no text; OCR (unverified) inspection 2021-01-17 + 5 years (interval not found): 2026-01-17"
2406742000013437475,"Flat 14, Catterick House, Cottenham Road, S65 1LD",zoho,"14 Catterick House EICR, 16.1.26.pdf",EICR,,2026-01-16,"OCR: Apartment 14 Catterick House Rotherham S65 1LD Description of premises: Domestic N/A Commercial N/A Industrial N/A Other, please specify: N/",no,low,"attached to Zoho 2023-03-13; scanned, no text; OCR (unverified) inspection 2021-01-16 + 5 years (interval not found): 2026-01-16"
2406742000013437475,"Flat 14, Catterick House, Cottenham Road, S65 1LD",zoho,EICR - Flat 14 Catt 17-03-2030.pdf,EICR,,2030-03-17,"OCR: 14 Catterick House , Cottenham Road, Rotherham, S65 1LD Email: N/A B. REASON FOR PRODUCING THIS REPORT Landlord electrical safety report Dat",no,low,"attached to Zoho 2025-04-08; scanned, no text; OCR (unverified) next inspection date: 2030-03-17"
2406742000013437475,"Flat 14, Catterick House, Cottenham Road, S65 1LD",zoho,EICR Flat 14 Catt 23-03-2030.pdf,EICR,,2030-03-23,"OCR: 14 Catterick House Cottenham Road Rotherham S65 1LD Description of premises: Domestic N/A Commercial N/A Industrial N/A Other, please specif",no,low,"attached to Zoho 2026-04-09; scanned, no text; OCR (unverified) next inspection date: 2030-03-23"
2406742000013437475,"Flat 14, Catterick House, Cottenham Road, S65 1LD",zoho,14 Catterick House EPC.pdf,EPC,2029-09-11,,"14 Catterick House, Cottenham Road, ROTHERHAM, S65 1LD",yes,high,attached to Zoho 2019-09-12; date of certificate 2019-09-12 + 10 years - 1 day (gov.uk convention)
2406742000013437475,"Flat 14, Catterick House, Cottenham Road, S65 1LD",zoho,14 catterick house Electric certificate.pdf,electrical,,,,no,low,"attached to Zoho 2019-11-01; text layer is the blank NICEIC form template (sample data), real certificate is an image; scanned, no text"
2406742000013437475,"Flat 14, Catterick House, Cottenham Road, S65 1LD",zoho,Catterick Property license .pdf,licence,,,"OCR: ng Team Rotherham Community Safety and Street Scene Riverside House, Main Street, Rotherham, S60 1AE",no,low,"attached to Zoho 2020-04-17; scanned, no text"
2406742000013437475,"Flat 14, Catterick House, Cottenham Road, S65 1LD",zoho,Catterick Property License Exp 2025.html,licence,2025-04-30,,"ION LICENCE No. [ 052217 ] OF PROPERTY Catterick House, Cottenham Road, Eastwood, Rotherham, S65 1LD",yes,medium,"attached to Zoho 2023-09-19; expiry date; document address reads as Catterick House Main, Cottenham Road, Rotherham, S65 1LD (same building, unit not confirmed); address in document not confirmed"
2406742000013437403,"Flat 15, Catterick House, Cottenham Road, S65 1LD",zoho,15 Catterick House-EICR.pdf,EIC,,,OCR: address Appartment 15 Catterick House Beaucatt Homes Rotherham 389 High Rd Leyton Postcode: E10 Postcode: S65 ILD DETAILS OF THE INSTALLATIO,no,low,"attached to Zoho 2021-03-06; scanned, no text; OCR (unverified) inspection 2021-01-17 + 5 years (interval not found): 2026-01-17"
2406742000013437403,"Flat 15, Catterick House, Cottenham Road, S65 1LD",zoho,15 Catterick House-EICR.pdf,EIC,,,OCR: address Appartment 15 Catterick House Beaucatt Homes Rotherham 389 High Rd Leyton Postcode: E10 Postcode: S65 ILD DETAILS OF THE INSTALLATIO,no,low,"attached to Zoho 2021-03-06; scanned, no text; OCR (unverified) inspection 2021-01-17 + 5 years (interval not found): 2026-01-17"
2406742000013437403,"Flat 15, Catterick House, Cottenham Road, S65 1LD",zoho,EICR - Flat 15 Catt 17-03-2030.pdf,EICR,,2030-03-17,"OCR: 15 Catterick House, Cottenham Road , Rotherham, S65 1LD Email: N/A B. REASON FOR PRODUCING THIS REPORT Landlord electrical safety report Dat",no,low,"attached to Zoho 2025-04-08; scanned, no text; OCR (unverified) next inspection date: 2030-03-17"
2406742000013437403,"Flat 15, Catterick House, Cottenham Road, S65 1LD",zoho,EICR Flat 15 Catt 23-03-2030.pdf,EICR,,2030-03-23,"OCR: 15 Catterick House Cottenham Road Rotherham S65 1LD Description of premises: Domestic N/A Commercial N/A Industrial N/A Other, please specif",no,low,"attached to Zoho 2026-04-09; scanned, no text; OCR (unverified) next inspection date: 2030-03-23"
2406742000013437403,"Flat 15, Catterick House, Cottenham Road, S65 1LD",zoho,15 Catterick House EPC.pdf,EPC,2022-11-20,,"15 Catterick House, Cottenham Road, ROTHERHAM, S65 1LD",yes,high,attached to Zoho 2019-09-12; date of certificate 2012-11-21 + 10 years - 1 day (gov.uk convention)
2406742000013437403,"Flat 15, Catterick House, Cottenham Road, S65 1LD",zoho,15 Catterick House EPC.pdf,EPC,2032-12-14,,15 Catterick House Cottenham Road ROTHERHAM S65 1LD,yes,high,attached to Zoho 2022-12-16; valid until
2406742000013437403,"Flat 15, Catterick House, Cottenham Road, S65 1LD",zoho,15 catterick house Electric certificate.pdf,electrical,,,,no,low,"attached to Zoho 2019-11-01; text layer is the blank NICEIC form template (sample data), real certificate is an image; scanned, no text"
2406742000013437403,"Flat 15, Catterick House, Cottenham Road, S65 1LD",zoho,Catterick Property license .pdf,licence,,,"OCR: ng Team Rotherham Community Safety and Street Scene Riverside House, Main Street, Rotherham, S60 1AE",no,low,"attached to Zoho 2020-04-17; scanned, no text"
2406742000013437403,"Flat 15, Catterick House, Cottenham Road, S65 1LD",zoho,Catterick Property License Exp 2025.html,licence,2025-04-30,,"ION LICENCE No. [ 052217 ] OF PROPERTY Catterick House, Cottenham Road, Eastwood, Rotherham, S65 1LD",yes,medium,"attached to Zoho 2023-09-19; expiry date; document address reads as Catterick House Main, Cottenham Road, Rotherham, S65 1LD (same building, unit not confirmed); address in document not confirmed"
2406742000013437327,"Flat 16, Catterick House, Cottenham Road, S65 1LD",zoho,16 Catterick House-EICR.pdf,EIC,,,OCR: address Appartment 16 Catterick House Beaucatt Homes Rotherham 389 High Rd Leyton Postcode: E10 Postcode: S65 ILD DETAILS OF THE INSTALLATIO,no,low,"attached to Zoho 2021-03-06; scanned, no text; OCR (unverified) inspection 2021-01-17 + 5 years (interval not found): 2026-01-17"
2406742000013437327,"Flat 16, Catterick House, Cottenham Road, S65 1LD",zoho,Catt 16 - EICR 17-3-2030.pdf,EICR,,2030-03-17,"OCR: 16 Catterick House, Cottenham Road, Rotherham, S65 1LD Email: N/A B. REASON FOR PRODUCING THIS REPORT Landlord electrical safety report Date",no,low,"attached to Zoho 2025-06-20; scanned, no text; OCR (unverified) next inspection date: 2030-03-17"
2406742000013437327,"Flat 16, Catterick House, Cottenham Road, S65 1LD",zoho,EICR Flat 16 Catt 24-03-2030.pdf,EICR,,2030-03-24,"OCR: 16 Catterick House Cottenham Road Rotherham S65 1LD Description of premises: Domestic N/A Commercial N/A Industrial N/A Other, please specif",no,low,"attached to Zoho 2026-04-09; scanned, no text; OCR (unverified) next inspection date: 2030-03-24"
2406742000013437327,"Flat 16, Catterick House, Cottenham Road, S65 1LD",zoho,"16 Catterick House, EPC.pdf",EPC,2027-10-16,,"16 Catterick House, Cottenham Road, ROTHERHAM, S65 1LD",yes,high,attached to Zoho 2019-09-12; date of certificate 2017-10-17 + 10 years - 1 day (gov.uk convention)
2406742000013437327,"Flat 16, Catterick House, Cottenham Road, S65 1LD",zoho,16 catterick house Electric certificate.pdf,electrical,,,,no,low,"attached to Zoho 2019-11-01; text layer is the blank NICEIC form template (sample data), real certificate is an image; scanned, no text"
2406742000013437327,"Flat 16, Catterick House, Cottenham Road, S65 1LD",zoho,Catterick Property license .pdf,licence,,,"OCR: ng Team Rotherham Community Safety and Street Scene Riverside House, Main Street, Rotherham, S60 1AE",no,low,"attached to Zoho 2020-04-17; scanned, no text"
2406742000013437327,"Flat 16, Catterick House, Cottenham Road, S65 1LD",zoho,Catterick Property License Exp 2025.html,licence,2025-04-30,,"ION LICENCE No. [ 052217 ] OF PROPERTY Catterick House, Cottenham Road, Eastwood, Rotherham, S65 1LD",yes,medium,"attached to Zoho 2023-09-19; expiry date; document address reads as Catterick House Main, Cottenham Road, Rotherham, S65 1LD (same building, unit not confirmed); address in document not confirmed"
2406742000013437255,"Flat 17, Catterick House, Cottenham Road, S65 1LD",zoho,17 catterick House-EICR.pdf,EIC,,,OCR: address Appartment 17 Catterick House Beaucatt Homes Rotherham 389 High Rd Leyton Postcode: E10 Postcode: S65 ILD DETAILS OF THE INSTALLATIO,no,low,"attached to Zoho 2021-03-06; scanned, no text; OCR (unverified) inspection 2021-01-17 + 5 years (interval not found): 2026-01-17"
2406742000013437255,"Flat 17, Catterick House, Cottenham Road, S65 1LD",zoho,"17 Catterick House EICR, 16.1.26.pdf",EICR,,2026-01-16,"OCR: Apartment 17 Catterick House Rotherham S65 1LD Description of premises: Domestic N/A Commercial N/A Industrial N/A Other, please specify: N/",no,low,"attached to Zoho 2023-03-13; scanned, no text; OCR (unverified) inspection 2021-01-16 + 5 years (interval not found): 2026-01-16"
2406742000013437255,"Flat 17, Catterick House, Cottenham Road, S65 1LD",zoho,EICR - Flat 17 Catt 17-03-2030.pdf,EICR,,2030-03-17,"OCR: 17 Catterick House, Cottenham Road, Rotherham, S65 1LD Email: N/A B. REASON FOR PRODUCING THIS REPORT Landlord electrical safety report Date",no,low,"attached to Zoho 2025-04-09; scanned, no text; OCR (unverified) next inspection date: 2030-03-17"
2406742000013437255,"Flat 17, Catterick House, Cottenham Road, S65 1LD",zoho,EICR Flat 17 Catt 23-03-2030.pdf,EICR,,2030-03-23,"OCR: 17 Catterick House Cottenham Road Rotherham S65 1LD Description of premises: Domestic N/A Commercial N/A Industrial N/A Other, please specif",no,low,"attached to Zoho 2026-04-09; scanned, no text; OCR (unverified) next inspection date: 2030-03-23"
2406742000013437255,"Flat 17, Catterick House, Cottenham Road, S65 1LD",zoho,"Flat 17, EICR.pdf",EICR,,,"OCR: Apartment 17, Caterick House , Rotherham, N/A Email: N/A N/A Date(s) inspection and testing carried out: 26/10/2021 Occupier: N/A Address: A",no,low,"attached to Zoho 2021-10-27; scanned, no text; OCR (unverified) next inspection date: 2021-10-26"
2406742000013437255,"Flat 17, Catterick House, Cottenham Road, S65 1LD",zoho,"17 Catterick House, - EPC.pdf",EPC,2028-02-11,,"17 Catterick House, Cottenham Road, ROTHERHAM, S65 1LD",yes,high,attached to Zoho 2019-09-12; date of certificate 2018-02-12 + 10 years - 1 day (gov.uk convention)
2406742000013437255,"Flat 17, Catterick House, Cottenham Road, S65 1LD",zoho,17 catterick house Electric certificate.pdf,electrical,,,,no,low,"attached to Zoho 2019-11-01; text layer is the blank NICEIC form template (sample data), real certificate is an image; scanned, no text"
2406742000013437255,"Flat 17, Catterick House, Cottenham Road, S65 1LD",zoho,Catterick Property license .pdf,licence,,,"OCR: ng Team Rotherham Community Safety and Street Scene Riverside House, Main Street, Rotherham, S60 1AE",no,low,"attached to Zoho 2020-04-17; scanned, no text"
2406742000013437255,"Flat 17, Catterick House, Cottenham Road, S65 1LD",zoho,Catterick Property License Exp 2025.html,licence,2025-04-30,,"ION LICENCE No. [ 052217 ] OF PROPERTY Catterick House, Cottenham Road, Eastwood, Rotherham, S65 1LD",yes,medium,"attached to Zoho 2023-09-19; expiry date; document address reads as Catterick House Main, Cottenham Road, Rotherham, S65 1LD (same building, unit not confirmed); address in document not confirmed"
2406742000013437180,"Flat 18, Catterick House, Cottenham Road, S65 1LD",zoho,18-Catteric Houe-EICR.pdf,EIC,,,OCR: address Appartment 18 Catterick House Beaucatt Homes Rotherham 389 High Rd Leyton Postcode: E10 Postcode: S65 ILD DETAILS OF THE INSTALLATIO,no,low,"attached to Zoho 2021-03-06; scanned, no text; OCR (unverified) inspection 2021-01-17 + 5 years (interval not found): 2026-01-17"
2406742000013437180,"Flat 18, Catterick House, Cottenham Road, S65 1LD",zoho,EICR - Flat 18 Catt 17-03-2030.pdf,EICR,,2030-03-17,"OCR: 18 Catterick House , Cottenham Road, Rotherham, S65 1LD Email: N/A B. REASON FOR PRODUCING THIS REPORT Landlord electrical safety report Dat",no,low,"attached to Zoho 2025-04-09; scanned, no text; OCR (unverified) next inspection date: 2030-03-17"
2406742000013437180,"Flat 18, Catterick House, Cottenham Road, S65 1LD",zoho,EICR Flat 18 Catt 23-03-2030.pdf,EICR,,2030-03-23,"OCR: 18 Catterick House Cottenham Road Rotherham S65 1LD Description of premises: Domestic N/A Commercial N/A Industrial N/A Other, please specif",no,low,"attached to Zoho 2026-04-09; scanned, no text; OCR (unverified) next inspection date: 2030-03-23"
2406742000013437180,"Flat 18, Catterick House, Cottenham Road, S65 1LD",zoho,"18 Catterick House, EPC.pdf",EPC,2028-02-11,,"18 Catterick House, Cottenham Road, ROTHERHAM, S65 1LD",yes,high,attached to Zoho 2019-09-12; date of certificate 2018-02-12 + 10 years - 1 day (gov.uk convention)
2406742000013437180,"Flat 18, Catterick House, Cottenham Road, S65 1LD",zoho,18 catterick house Electric certificate.pdf,electrical,,,,no,low,"attached to Zoho 2019-11-01; text layer is the blank NICEIC form template (sample data), real certificate is an image; scanned, no text"
2406742000013437180,"Flat 18, Catterick House, Cottenham Road, S65 1LD",zoho,Catterick Property license .pdf,licence,,,"OCR: ng Team Rotherham Community Safety and Street Scene Riverside House, Main Street, Rotherham, S60 1AE",no,low,"attached to Zoho 2020-04-17; scanned, no text"
2406742000013437180,"Flat 18, Catterick House, Cottenham Road, S65 1LD",zoho,Catterick Property License Exp 2025.html,licence,2025-04-30,,"ION LICENCE No. [ 052217 ] OF PROPERTY Catterick House, Cottenham Road, Eastwood, Rotherham, S65 1LD",yes,medium,"attached to Zoho 2023-09-19; expiry date; document address reads as Catterick House Main, Cottenham Road, Rotherham, S65 1LD (same building, unit not confirmed); address in document not confirmed"
2406742000013437108,"Flat 19, Catterick House, Cottenham Road, S65 1LD",zoho,"19 Catterick House EICR, 16.1.26.pdf",EICR,,2026-01-16,"OCR: Apartment 19 Catterick House Rotherham S65 1LD Description of premises: Domestic N/A Commercial N/A Industrial N/A Other, please specify: N/",no,low,"attached to Zoho 2023-03-13; scanned, no text; OCR (unverified) inspection 2021-01-16 + 5 years (interval not found): 2026-01-16"
2406742000013437108,"Flat 19, Catterick House, Cottenham Road, S65 1LD",zoho,EICR - Flat 19 Catt 17-03-2030.pdf,EICR,,2030-03-17,"OCR: 19 Catterick House, Cottenham Road, Rotherham, S65 1LD Email: N/A B. REASON FOR PRODUCING THIS REPORT Landlord electrical safety report Date",no,low,"attached to Zoho 2025-04-09; scanned, no text; OCR (unverified) next inspection date: 2030-03-17"
2406742000013437108,"Flat 19, Catterick House, Cottenham Road, S65 1LD",zoho,EICR Flat 19 Catt 22-03-2030.pdf,EICR,,2030-03-22,"OCR: 19 Catterick House Cottenham Road Rotherham S65 1LD Description of premises: Domestic N/A Commercial N/A Industrial N/A Other, please specif",no,low,"attached to Zoho 2026-04-09; scanned, no text; OCR (unverified) next inspection date: 2030-03-22"
2406742000013437108,"Flat 19, Catterick House, Cottenham Road, S65 1LD",zoho,Flat 19 Catterick EICR.pdf,EICR,,,"OCR: Apartment 19, Catterick House, Rotherham, S65 1LD Email: N/A N/A Date(s) inspection and testing carried out: 24/03/2021 Occupier: N/A Addres",no,low,"attached to Zoho 2021-05-29; scanned, no text; OCR (unverified) next inspection date: 2026-03-24"
2406742000013437108,"Flat 19, Catterick House, Cottenham Road, S65 1LD",zoho,"19 Catterick House, EPC.pdf",EPC,2025-08-03,,"19 Catterick House, Cottenham Road, ROTHERHAM, S65 1LD",yes,high,attached to Zoho 2019-09-12; date of certificate 2015-08-04 + 10 years - 1 day (gov.uk convention)
2406742000013437108,"Flat 19, Catterick House, Cottenham Road, S65 1LD",zoho,Energy performance certificate (EPC) - 13 October 2035.pdf,EPC,2035-10-13,2035-10-13,19 Catterick House Cottenham Road ROTHERHAM S65 1LD,yes,high,attached to Zoho 2025-10-15; valid until
2406742000013437108,"Flat 19, Catterick House, Cottenham Road, S65 1LD",zoho,19 catterick house Electric certificate.pdf,electrical,,,,no,low,"attached to Zoho 2019-11-01; text layer is the blank NICEIC form template (sample data), real certificate is an image; scanned, no text"
2406742000013437108,"Flat 19, Catterick House, Cottenham Road, S65 1LD",zoho,Catterick Property license .pdf,licence,,,"OCR: ng Team Rotherham Community Safety and Street Scene Riverside House, Main Street, Rotherham, S60 1AE",no,low,"attached to Zoho 2020-04-17; scanned, no text"
2406742000013437108,"Flat 19, Catterick House, Cottenham Road, S65 1LD",zoho,Catterick Property License Exp 2025.html,licence,2025-04-30,,"ION LICENCE No. [ 052217 ] OF PROPERTY Catterick House, Cottenham Road, Eastwood, Rotherham, S65 1LD",yes,medium,"attached to Zoho 2023-09-19; expiry date; document address reads as Catterick House Main, Cottenham Road, Rotherham, S65 1LD (same building, unit not confirmed); address in document not confirmed"
2406742000000266426,"Flat 2, 253 Lea Bridge Road, E10 7NE",zoho,F2 253 Lea Bridge electric certificate.pdf,EICR,,,OCR: inspection available. this --- page 2 --- Original (To the person ardering the work) DPN5C/3 *Delete as appropriate Page 2 of 1093131 SATISF,no,low,"attached to Zoho 2019-06-20; scanned, no text"
2406742000000266426,"Flat 2, 253 Lea Bridge Road, E10 7NE",zoho,"Flat 2, 253 Lea Bridge Road EICR 27.4.27.pdf",EICR,,2027-04-27,"OCR: Flat 2 253 Lea Bridge Road, Leyton, London, E10 7NE Email: N/A N/A Date(s) inspection and testing carried out: 28/04/2022 Occupier: N/A Addr",no,low,"attached to Zoho 2024-09-02; scanned, no text; OCR (unverified) inspection 2022-04-28 + 5 years (interval not found): 2027-04-28"
2406742000000266426,"Flat 2, 253 Lea Bridge Road, E10 7NE",zoho,F2 253 EPC.pdf,EPC,,,OCR: Flat 2 253 Leabridge Road,no,low,"attached to Zoho 2018-04-05; scanned, no text; OCR (unverified) date of certificate 2009-07-06 + 10 years - 1 day (gov.uk convention): 2019-07-05"
2406742000000266426,"Flat 2, 253 Lea Bridge Road, E10 7NE",zoho,F2 253 LBR EPC.pdf,EPC,,,OCR: Flat 2 253 Leabridge Road,no,low,"attached to Zoho 2019-06-13; scanned, no text; OCR (unverified) date of certificate 2009-07-06 + 10 years - 1 day (gov.uk convention): 2019-07-05"
2406742000000266426,"Flat 2, 253 Lea Bridge Road, E10 7NE",zoho,"Flat 2, 253 Lea bridge road - EPC.pdf",EPC,2029-07-21,,"Flat 2, 253 Leabridge Road, LONDON, E10 7NE",yes,high,attached to Zoho 2019-07-23; date of certificate 2019-07-22 + 10 years - 1 day (gov.uk convention)
2406742000000266426,"Flat 2, 253 Lea Bridge Road, E10 7NE",zoho,"Flat 2,  253 Lea Bridge Gas Certificate 19.7.2021.pdf",gas,,2021-07-19,,no,low,"attached to Zoho 2020-07-21; scanned, no text"
2406742000000266426,"Flat 2, 253 Lea Bridge Road, E10 7NE",zoho,"Flat 2, 253 Lea Bridge gas certificate, 15.7.23.pdf",gas,,2023-07-15,OCR: Name (Mr/MsMiss/Ms) Damion MURRAY 21.8K Pals pAss pres 0-0004 ND Yc3 flab 7.9kns VAA Y=3 V/A. NIA. NO YES 253- LinBRIDGE Road Version 11 NAL,no,low,"attached to Zoho 2022-07-26; scanned, no text; OCR address suggests Flat 3, 253 Lea Bridge Road, E10 7NE"
2406742000000266426,"Flat 2, 253 Lea Bridge Road, E10 7NE",zoho,"Gas Cert Flat 2, 253 Lea Bridge Road 14-July-27.pdf",gas,,2027-07-14,,no,low,"attached to Zoho 2026-07-20; scanned, no text"
2406742000000266426,"Flat 2, 253 Lea Bridge Road, E10 7NE",zoho,"Gas Cert for flat 2, 253 Leabridge Road E10, 27-Jul- 2026.pdf",gas,,2026-07-27,OCR: Name (Mr/Mrs/Miss/Ms) Name (Mr/Mrs/Miss/Ms) Gas Sate Register No 8178 392266 Outcome of gas tightness test? Number of Appliances tested Addr,no,low,"attached to Zoho 2025-07-30; scanned, no text"
2406742000000266426,"Flat 2, 253 Lea Bridge Road, E10 7NE",zoho,Gas Certificate Ref26989835 2.pdf,gas,,,,no,low,"attached to Zoho 2019-07-09; scanned, no text"
2406742000000266426,"Flat 2, 253 Lea Bridge Road, E10 7NE",zoho,"Gas cert for Flat 2, 253 Leabridge 03-07-2025.pdf",gas,,2025-07-03,,no,low,"attached to Zoho 2024-07-04; scanned, no text"
2406742000000266426,"Flat 2, 253 Lea Bridge Road, E10 7NE",zoho,F2 253 Leabridge Licence.pdf,licence,,,OCR: Flat 2,no,low,"attached to Zoho 2018-04-05; scanned, no text; OCR (unverified) valid until: 2020-03-31"
2406742000000266426,"Flat 2, 253 Lea Bridge Road, E10 7NE",zoho,F2 Lea Bridge Rd Property License.pdf,licence,,,OCR: Flat 2,no,low,"attached to Zoho 2019-06-13; scanned, no text; OCR (unverified) valid until: 2020-03-31"
2406742000024062409,"Flat 2, 35 Lord Street, Blackpool, FY1 2BD",zoho,Flat 2 Lord st EICR 23-09-30.pdf,EICR,,2030-09-23,"OCR: Fla2 35 Lord Street , , Blackpool, FY1 2BD Email: N/A B. REASON FOR PRODUCING THIS REPORT Landlord electrical safety report Date(s) inspecti",no,low,"attached to Zoho 2025-09-24; scanned, no text; OCR (unverified) next inspection date: 2030-09-23"
2406742000024062409,"Flat 2, 35 Lord Street, Blackpool, FY1 2BD",zoho,"Flat 2, 35 Lord Street Electric certificate.pdf",EICR,2026-04-28,,"2 Flat 2, 35 Lord Street, Blackpool, Lancashire, FY1 2DJ Description of premises : √ Domestic Commercial Industrial Other, please specify : ",yes,high,attached to Zoho 2022-03-02; next inspection date
2406742000024062409,"Flat 2, 35 Lord Street, Blackpool, FY1 2BD",zoho,"Flat 2, 35 Lord street EPC.pdf",EPC,2029-04-24,,"Flat 2, 35, Lord Street, BLACKPOOL, FY1 2BD",yes,high,attached to Zoho 2020-06-26; date of certificate 2019-04-25 + 10 years - 1 day (gov.uk convention)
2406742000016528086,"Flat 2, Catterick House, Cottenham Road, S65 1LD",zoho,2 Catterick House- EICR.pdf,EIC,,,OCR: address Appartment 2 Catterick House Beaucatt Homes Rotherham 389 High Rd Leyton Postcode: E10 Postcode: S65 ILD DETAILS OF THE INSTALLATION,no,low,"attached to Zoho 2021-03-08; scanned, no text; OCR (unverified) inspection 2021-01-17 + 5 years (interval not found): 2026-01-17"
2406742000016528086,"Flat 2, Catterick House, Cottenham Road, S65 1LD",zoho,EICR - Flat 2 Catt 17-03-2030.pdf,EICR,,2030-03-17,"OCR: 2 Catterick House, Cottenham Road, Rotherham, S65 1LD Email: N/A B. REASON FOR PRODUCING THIS REPORT Landlord electrical safety report Date(",no,low,"attached to Zoho 2025-04-08; scanned, no text; OCR (unverified) next inspection date: 2030-03-17"
2406742000016528086,"Flat 2, Catterick House, Cottenham Road, S65 1LD",zoho,EICR Flat 2 Catt 26-03-2030.pdf,EICR,,2030-03-26,"OCR: 2 Catterick House Cottenham Road Rotherham S65 1LD Description of premises: Domestic N/A Commercial N/A Industrial N/A Other, please specify",no,low,"attached to Zoho 2026-04-06; scanned, no text; OCR (unverified) next inspection date: 2030-03-26"
2406742000016528086,"Flat 2, Catterick House, Cottenham Road, S65 1LD",zoho,2 Catterick House EPC.pdf,EPC,2029-09-10,,"2 Catterick House, Cottenham Road, ROTHERHAM, S65 1LD",yes,high,attached to Zoho 2019-09-13; date of certificate 2019-09-11 + 10 years - 1 day (gov.uk convention)
2406742000016528086,"Flat 2, Catterick House, Cottenham Road, S65 1LD",zoho,2 catterick house Electric certificate.pdf,electrical,,,,no,low,"attached to Zoho 2019-11-01; text layer is the blank NICEIC form template (sample data), real certificate is an image; scanned, no text"
2406742000016528086,"Flat 2, Catterick House, Cottenham Road, S65 1LD",zoho,Catterick Property license .pdf,licence,,,"OCR: ng Team Rotherham Community Safety and Street Scene Riverside House, Main Street, Rotherham, S60 1AE",no,low,"attached to Zoho 2020-04-17; scanned, no text"
2406742000016528086,"Flat 2, Catterick House, Cottenham Road, S65 1LD",zoho,Catterick Property License Exp 2025.html,licence,2025-04-30,,"ION LICENCE No. [ 052217 ] OF PROPERTY Catterick House, Cottenham Road, Eastwood, Rotherham, S65 1LD",yes,medium,"attached to Zoho 2023-09-19; expiry date; document address reads as Catterick House Main, Cottenham Road, Rotherham, S65 1LD (same building, unit not confirmed); address in document not confirmed"
2406742000013437036,"Flat 20, Catterick House, Cottenham Road, S65 1LD",zoho,20 Catterick House-EICR.pdf,EIC,,,OCR: address Appartment 20 Catterick House Beaucatt Homes Rotherham 389 High Rd Leyton Postcode: E10 Postcode: S65 ILD DETAILS OF THE INSTALLATIO,no,low,"attached to Zoho 2021-03-06; scanned, no text; OCR (unverified) inspection 2021-01-17 + 5 years (interval not found): 2026-01-17"
2406742000013437036,"Flat 20, Catterick House, Cottenham Road, S65 1LD",zoho,"20 Catterick House EICR, 16.1.26.pdf",EICR,,2026-01-16,"OCR: Apartment 20 Catterick House Rotherham S65 1LD Description of premises: Domestic N/A Commercial N/A Industrial N/A Other, please specify: N/",no,low,"attached to Zoho 2023-03-13; scanned, no text; OCR (unverified) inspection 2021-01-16 + 5 years (interval not found): 2026-01-16"
2406742000013437036,"Flat 20, Catterick House, Cottenham Road, S65 1LD",zoho,EICR - Flat 20 Catt 17-03-2030.pdf,EICR,,2030-03-17,"OCR: 20 Catterick House, Cottenham Road , Rotherham, S65 1LD Email: N/A B. REASON FOR PRODUCING THIS REPORT Landlord electrical safety report Dat",no,low,"attached to Zoho 2025-04-09; scanned, no text; OCR (unverified) next inspection date: 2030-03-17"
2406742000013437036,"Flat 20, Catterick House, Cottenham Road, S65 1LD",zoho,EICR Flat 20 Catt 22-03-2030.pdf,EICR,,2030-03-22,"OCR: 20 Catterick House Cottenham Road Rotherham S65 1LD Description of premises: Domestic N/A Commercial N/A Industrial N/A Other, please specif",no,low,"attached to Zoho 2026-04-09; scanned, no text; OCR (unverified) next inspection date: 2030-03-22"
2406742000013437036,"Flat 20, Catterick House, Cottenham Road, S65 1LD",zoho,20 Catterick House EPC.pdf,EPC,2029-09-11,,"20 Catterick House, Cottenham Road, ROTHERHAM, S65 1LD",yes,high,attached to Zoho 2019-09-12; date of certificate 2019-09-12 + 10 years - 1 day (gov.uk convention)
2406742000013437036,"Flat 20, Catterick House, Cottenham Road, S65 1LD",zoho,20 Catrrerick house Electric certificate.pdf,electrical,,,,no,low,"attached to Zoho 2019-11-01; text layer is the blank NICEIC form template (sample data), real certificate is an image; scanned, no text"
2406742000013437036,"Flat 20, Catterick House, Cottenham Road, S65 1LD",zoho,Catterick Property license .pdf,licence,,,"OCR: ng Team Rotherham Community Safety and Street Scene Riverside House, Main Street, Rotherham, S60 1AE",no,low,"attached to Zoho 2020-04-17; scanned, no text"
2406742000013437036,"Flat 20, Catterick House, Cottenham Road, S65 1LD",zoho,Catterick Property License Exp 2025.html,licence,2025-04-30,,"ION LICENCE No. [ 052217 ] OF PROPERTY Catterick House, Cottenham Road, Eastwood, Rotherham, S65 1LD",yes,medium,"attached to Zoho 2023-09-19; expiry date; document address reads as Catterick House Main, Cottenham Road, Rotherham, S65 1LD (same building, unit not confirmed); address in document not confirmed"
2406742000013434572,"Flat 21, Catterick House, Cottenham Road, S65 1LD",zoho,21 Catterick House-EICR.pdf,EIC,,,OCR: address Appartment 21 Catterick House Beaucatt Homes Rotherham 389 High Rd Leyton Postcode: E10 Postcode: S65 ILD DETAILS OF THE INSTALLATIO,no,low,"attached to Zoho 2021-03-06; scanned, no text; OCR (unverified) inspection 2021-01-17 + 5 years (interval not found): 2026-01-17"
2406742000013434572,"Flat 21, Catterick House, Cottenham Road, S65 1LD",zoho,"21 Catterick House EICR, 16.1.26.pdf",EICR,,2026-01-16,"OCR: Apartment 21 Catterick House Rotherham S65 1LD Description of premises: Domestic N/A Commercial N/A Industrial N/A Other, please specify: N/",no,low,"attached to Zoho 2023-03-13; scanned, no text; OCR (unverified) inspection 2021-01-16 + 5 years (interval not found): 2026-01-16"
2406742000013434572,"Flat 21, Catterick House, Cottenham Road, S65 1LD",zoho,EICR - Flat 21 Catt 17-03-2030.pdf,EICR,,2030-03-17,"OCR: 21 Catterick House, Cottenham Road , Rotherham, S65 1LD Email: N/A B. REASON FOR PRODUCING THIS REPORT Landlord electrical safety report Dat",no,low,"attached to Zoho 2025-04-09; scanned, no text; OCR (unverified) next inspection date: 2030-03-17"
2406742000013434572,"Flat 21, Catterick House, Cottenham Road, S65 1LD",zoho,EICR Flat 21 Catt 21-03-2030.pdf,EICR,,2030-03-21,"OCR: 21 Catterick House Cottenham Road Rotherham S65 1LD Description of premises: Domestic N/A Commercial N/A Industrial N/A Other, please specif",no,low,"attached to Zoho 2026-04-09; scanned, no text; OCR (unverified) next inspection date: 2030-03-21"
2406742000013434572,"Flat 21, Catterick House, Cottenham Road, S65 1LD",zoho,"21 Catterick House, EPC.pdf",EPC,2029-09-11,,"21 Catterick House, Cottenham Road, ROTHERHAM, S65 1LD",yes,high,attached to Zoho 2019-09-12; date of certificate 2019-09-12 + 10 years - 1 day (gov.uk convention)
2406742000013434572,"Flat 21, Catterick House, Cottenham Road, S65 1LD",zoho,21 catterick house Electric certificate.pdf,electrical,,,,no,low,"attached to Zoho 2019-11-01; text layer is the blank NICEIC form template (sample data), real certificate is an image; scanned, no text"
2406742000013434572,"Flat 21, Catterick House, Cottenham Road, S65 1LD",zoho,Catterick Property license .pdf,licence,,,"OCR: ng Team Rotherham Community Safety and Street Scene Riverside House, Main Street, Rotherham, S60 1AE",no,low,"attached to Zoho 2020-04-17; scanned, no text"
2406742000013434572,"Flat 21, Catterick House, Cottenham Road, S65 1LD",zoho,Catterick Property License Exp 2025.html,licence,2025-04-30,,"ION LICENCE No. [ 052217 ] OF PROPERTY Catterick House, Cottenham Road, Eastwood, Rotherham, S65 1LD",yes,medium,"attached to Zoho 2023-09-19; expiry date; document address reads as Catterick House Main, Cottenham Road, Rotherham, S65 1LD (same building, unit not confirmed); address in document not confirmed"
2406742000013434497,"Flat 22, Catterick House, Cottenham Road, S65 1LD",zoho,22 Catterick House-EICR.pdf,EIC,,,OCR: address Appartment 22 Catterick House Beaucatt Homes Rotherham 389 High Rd Leyton Postcode: E10 Postcode: S65 ILD DETAILS OF THE INSTALLATIO,no,low,"attached to Zoho 2021-03-06; scanned, no text; OCR (unverified) inspection 2021-01-17 + 5 years (interval not found): 2026-01-17"
2406742000013434497,"Flat 22, Catterick House, Cottenham Road, S65 1LD",zoho,"22 Catterick House EICR, 16.1.26.pdf",EICR,,2026-01-16,"OCR: Apartment 22 Catterick House Rotherham S65 1LD Description of premises: Domestic N/A Commercial N/A Industrial N/A Other, please specify: N/",no,low,"attached to Zoho 2023-03-13; scanned, no text; OCR (unverified) inspection 2021-01-16 + 5 years (interval not found): 2026-01-16"
2406742000013434497,"Flat 22, Catterick House, Cottenham Road, S65 1LD",zoho,EICR - Flat 22 Catt 17-03-2030.pdf,EICR,,2030-03-17,"OCR: 22 Catterick House, Cottenham Road , Rotherham, S65 1LD Email: N/A B. REASON FOR PRODUCING THIS REPORT Landlord electrical safety report Dat",no,low,"attached to Zoho 2025-04-09; scanned, no text; OCR (unverified) next inspection date: 2030-03-17"
2406742000013434497,"Flat 22, Catterick House, Cottenham Road, S65 1LD",zoho,EICR Flat 22 Catt 21-03-2030.pdf,EICR,,2030-03-21,"OCR: 22 Catterick House Cottenham Road Rotherham S65 1LD Description of premises: Domestic N/A Commercial N/A Industrial N/A Other, please specif",no,low,"attached to Zoho 2026-04-09; scanned, no text; OCR (unverified) next inspection date: 2030-03-21"
2406742000013434497,"Flat 22, Catterick House, Cottenham Road, S65 1LD",zoho,22 CATTERICK EPC.pdf,EPC,2029-09-11,,"22 Catterick House, Cottenham Road, ROTHERHAM, S65 1LD",yes,high,attached to Zoho 2020-04-08; date of certificate 2019-09-12 + 10 years - 1 day (gov.uk convention)
2406742000013434497,"Flat 22, Catterick House, Cottenham Road, S65 1LD",zoho,"22 Catterick House, EPC.pdf",EPC,2029-09-11,,"22 Catterick House, Cottenham Road, ROTHERHAM, S65 1LD",yes,high,attached to Zoho 2019-09-12; date of certificate 2019-09-12 + 10 years - 1 day (gov.uk convention)
2406742000013434497,"Flat 22, Catterick House, Cottenham Road, S65 1LD",zoho,22 catterick house Electric certificate.pdf,electrical,,,,no,low,"attached to Zoho 2019-11-01; text layer is the blank NICEIC form template (sample data), real certificate is an image; scanned, no text"
2406742000013434497,"Flat 22, Catterick House, Cottenham Road, S65 1LD",zoho,Catterick Property license .pdf,licence,,,"OCR: ng Team Rotherham Community Safety and Street Scene Riverside House, Main Street, Rotherham, S60 1AE",no,low,"attached to Zoho 2020-04-17; scanned, no text"
2406742000013434497,"Flat 22, Catterick House, Cottenham Road, S65 1LD",zoho,Catterick Property License Exp 2025.html,licence,2025-04-30,,"ION LICENCE No. [ 052217 ] OF PROPERTY Catterick House, Cottenham Road, Eastwood, Rotherham, S65 1LD",yes,medium,"attached to Zoho 2023-09-19; expiry date; document address reads as Catterick House Main, Cottenham Road, Rotherham, S65 1LD (same building, unit not confirmed); address in document not confirmed"
2406742000013464072,"Flat 23, Catterick House, Cottenham Road, S65 1LD",zoho,23-catteric House-EICR.pdf,EIC,,,OCR: address Appartment 23 Catterick House Beaucatt Homes Rotherham 389 High Rd Leyton Postcode: E10 Postcode: S65 ILD DETAILS OF THE INSTALLATIO,no,low,"attached to Zoho 2021-03-06; scanned, no text; OCR (unverified) inspection 2021-01-17 + 5 years (interval not found): 2026-01-17"
2406742000013464072,"Flat 23, Catterick House, Cottenham Road, S65 1LD",zoho,"23 Catterick House EICR, 16.1.26.pdf",EICR,,2026-01-16,"OCR: Apartment 23 Catterick House Rotherham S65 1LD Description of premises: Domestic N/A Commercial N/A Industrial N/A Other, please specify: N/",no,low,"attached to Zoho 2023-03-13; scanned, no text; OCR (unverified) inspection 2021-01-16 + 5 years (interval not found): 2026-01-16"
2406742000013464072,"Flat 23, Catterick House, Cottenham Road, S65 1LD",zoho,EICR - Flat 23 Catt 17-03-2030.pdf,EICR,,2030-03-17,"OCR: 23 Catterick House , Cottenham Road , Rotherham, S65 1LD Email: N/A B. REASON FOR PRODUCING THIS REPORT Landlord electrical safety report Da",no,low,"attached to Zoho 2025-04-09; scanned, no text; OCR (unverified) next inspection date: 2030-03-17"
2406742000013464072,"Flat 23, Catterick House, Cottenham Road, S65 1LD",zoho,EICR Flat 23 Catt 21-03-2030.pdf,EICR,,2030-03-21,"OCR: 23 Catterick House Cottenham Road Rotherham S65 1LD Description of premises: Domestic N/A Commercial N/A Industrial N/A Other, please specif",no,low,"attached to Zoho 2026-04-09; scanned, no text; OCR (unverified) next inspection date: 2030-03-21"
2406742000013464072,"Flat 23, Catterick House, Cottenham Road, S65 1LD",zoho,23Catterick House  EPC.pdf,EPC,,,OCR: 23 Catterick House,no,low,"attached to Zoho 2022-03-30; scanned, no text; OCR (unverified) valid until: 2032-03-29"
2406742000013464072,"Flat 23, Catterick House, Cottenham Road, S65 1LD",zoho,"23 Catterick House, - EPC.pdf",EPC,2022-01-03,,04 January 2012 S65 1LD Reference number: 0193-2844-6094-9302-3471,yes,high,attached to Zoho 2019-09-12; date of certificate 2012-01-04 + 10 years - 1 day (gov.uk convention)
2406742000013464072,"Flat 23, Catterick House, Cottenham Road, S65 1LD",zoho,23 catterick house Electric certificate.pdf,electrical,,,,no,low,"attached to Zoho 2019-11-01; text layer is the blank NICEIC form template (sample data), real certificate is an image; scanned, no text"
2406742000013464072,"Flat 23, Catterick House, Cottenham Road, S65 1LD",zoho,Catterick Property license .pdf,licence,,,"OCR: ng Team Rotherham Community Safety and Street Scene Riverside House, Main Street, Rotherham, S60 1AE",no,low,"attached to Zoho 2020-04-17; scanned, no text"
2406742000013464072,"Flat 23, Catterick House, Cottenham Road, S65 1LD",zoho,Catterick Property License Exp 2025.html,licence,2025-04-30,,"ION LICENCE No. [ 052217 ] OF PROPERTY Catterick House, Cottenham Road, Eastwood, Rotherham, S65 1LD",yes,medium,"attached to Zoho 2023-09-19; expiry date; document address reads as Catterick House Main, Cottenham Road, Rotherham, S65 1LD (same building, unit not confirmed); address in document not confirmed"
2406742000013434425,"Flat 24, Catterick House, Cottenham Road, S65 1LD",zoho,24 Catterick House-EICR.pdf,EIC,,,OCR: address Appartment 24 Catterick House Beaucatt Homes Rotherham 389 High Rd Leyton Postcode: E10 Postcode: S65 ILD DETAILS OF THE INSTALLATIO,no,low,"attached to Zoho 2021-03-06; scanned, no text; OCR (unverified) inspection 2021-01-17 + 5 years (interval not found): 2026-01-17"
2406742000013434425,"Flat 24, Catterick House, Cottenham Road, S65 1LD",zoho,EICR - Flat 24 Catt 17-03-2030.pdf,EICR,,2030-03-17,"OCR: 24 Catterick House , Cottenham Road, Rotherham , S65 1LD Email: N/A B. REASON FOR PRODUCING THIS REPORT Landlord electrical safety report Da",no,low,"attached to Zoho 2025-04-08; scanned, no text; OCR (unverified) next inspection date: 2030-03-17"
2406742000013434425,"Flat 24, Catterick House, Cottenham Road, S65 1LD",zoho,EICR Flat 24 Catt 21-03-2030.pdf,EICR,,2030-03-21,"OCR: 24 Catterick House Cottenham Road Rotherham S65 1LD Description of premises: Domestic N/A Commercial N/A Industrial N/A Other, please specif",no,low,"attached to Zoho 2026-04-09; scanned, no text; OCR (unverified) next inspection date: 2030-03-21"
2406742000013434425,"Flat 24, Catterick House, Cottenham Road, S65 1LD",zoho,"24 Catterick House, - EPC.pdf",EPC,2021-06-02,,03 June 2011 S65 1LD Reference number: 0283-2877-6762-9209-7611,yes,high,attached to Zoho 2019-09-12; date of certificate 2011-06-03 + 10 years - 1 day (gov.uk convention)
2406742000013434425,"Flat 24, Catterick House, Cottenham Road, S65 1LD",zoho,Flat 24 Catterick House EPC.pdf,EPC,2031-07-25,,24 CATTERICK HOUSE COTTENHAM ROAD ROTHERHAM S65 1LD,yes,high,attached to Zoho 2021-07-27; valid until
2406742000013434425,"Flat 24, Catterick House, Cottenham Road, S65 1LD",zoho,24 catterick house Electric certificate.pdf,electrical,,,,no,low,"attached to Zoho 2019-11-01; text layer is the blank NICEIC form template (sample data), real certificate is an image; scanned, no text"
2406742000013434425,"Flat 24, Catterick House, Cottenham Road, S65 1LD",zoho,Catterick Property license .pdf,licence,,,"OCR: ng Team Rotherham Community Safety and Street Scene Riverside House, Main Street, Rotherham, S60 1AE",no,low,"attached to Zoho 2020-04-17; scanned, no text"
2406742000013434425,"Flat 24, Catterick House, Cottenham Road, S65 1LD",zoho,Catterick Property License Exp 2025.html,licence,2025-04-30,,"ION LICENCE No. [ 052217 ] OF PROPERTY Catterick House, Cottenham Road, Eastwood, Rotherham, S65 1LD",yes,medium,"attached to Zoho 2023-09-19; expiry date; document address reads as Catterick House Main, Cottenham Road, Rotherham, S65 1LD (same building, unit not confirmed); address in document not confirmed"
2406742000016504119,"Flat 25, Catterick House, Cottenham Road, S65 1LD",zoho,25 Catterick House-EICR.pdf,EIC,,,OCR: address Appartment 25 Catterick House Beaucatt Homes Rotherham 389 High Rd Leyton Postcode: E10 Postcode: S65 ILD DETAILS OF THE INSTALLATIO,no,low,"attached to Zoho 2021-03-26; scanned, no text; OCR (unverified) inspection 2021-01-17 + 5 years (interval not found): 2026-01-17"
2406742000016504119,"Flat 25, Catterick House, Cottenham Road, S65 1LD",zoho,Catt 25 - EICR 17-3-2030.pdf,EICR,,2030-03-17,"OCR: 25 Catterick House, Cottenham Road , Rotherham, S65 1LD Email: N/A B. REASON FOR PRODUCING THIS REPORT Landlord electrical safety report Dat",no,low,"attached to Zoho 2025-06-20; scanned, no text; OCR (unverified) next inspection date: 2030-03-17"
2406742000016504119,"Flat 25, Catterick House, Cottenham Road, S65 1LD",zoho,EICR Flat 25 Catt 22-03-2030.pdf,EICR,,2030-03-22,"OCR: 25 Catterick House Cottenham Road Rotherham S65 1LD Description of premises: Domestic N/A Commercial N/A Industrial N/A Other, please specif",no,low,"attached to Zoho 2026-04-09; scanned, no text; OCR (unverified) next inspection date: 2030-03-22"
2406742000016504119,"Flat 25, Catterick House, Cottenham Road, S65 1LD",zoho,25 Catteric House - -EPC.pdf,EPC,2029-09-11,,"25 Catterick House, Cottenham Road, ROTHERHAM, S65 1LD",yes,high,attached to Zoho 2019-09-12; date of certificate 2019-09-12 + 10 years - 1 day (gov.uk convention)
2406742000016504119,"Flat 25, Catterick House, Cottenham Road, S65 1LD",zoho,25 catterick house Electric certificate.pdf,electrical,,,,no,low,"attached to Zoho 2019-11-01; text layer is the blank NICEIC form template (sample data), real certificate is an image; scanned, no text"
2406742000016504119,"Flat 25, Catterick House, Cottenham Road, S65 1LD",zoho,Catterick Property license .pdf,licence,,,"OCR: ng Team Rotherham Community Safety and Street Scene Riverside House, Main Street, Rotherham, S60 1AE",no,low,"attached to Zoho 2020-04-17; scanned, no text"
2406742000016504119,"Flat 25, Catterick House, Cottenham Road, S65 1LD",zoho,Catterick Property License Exp 2025.html,licence,2025-04-30,,"ION LICENCE No. [ 052217 ] OF PROPERTY Catterick House, Cottenham Road, Eastwood, Rotherham, S65 1LD",yes,medium,"attached to Zoho 2023-09-19; expiry date; document address reads as Catterick House Main, Cottenham Road, Rotherham, S65 1LD (same building, unit not confirmed); address in document not confirmed"
2406742000013434353,"Flat 26, Catterick House, Cottenham Road, S65 1LD",zoho,26 Catterick House-EICR.pdf,EIC,,,OCR: address Appartment 26 Catterick House Beaucatt Homes Rotherham 389 High Rd Leyton Postcode: E10 Postcode: S65 ILD DETAILS OF THE INSTALLATIO,no,low,"attached to Zoho 2021-03-06; scanned, no text; OCR (unverified) inspection 2021-01-17 + 5 years (interval not found): 2026-01-17"
2406742000013434353,"Flat 26, Catterick House, Cottenham Road, S65 1LD",zoho,"26 Catterick House EICR, 16.1.26.pdf",EICR,,2026-01-16,"OCR: Apartment 26 Catterick House Rotherham S65 1LD Description of premises: Domestic N/A Commercial N/A Industrial N/A Other, please specify: N/",no,low,"attached to Zoho 2023-03-13; scanned, no text; OCR (unverified) inspection 2021-01-16 + 5 years (interval not found): 2026-01-16"
2406742000013434353,"Flat 26, Catterick House, Cottenham Road, S65 1LD",zoho,Catt 26 - EICR 17-3-2030.pdf,EICR,,2030-03-17,"OCR: 26 Catterick House, Cottenham Road , Rotherham, S65 1LD Email: N/A B. REASON FOR PRODUCING THIS REPORT Landlord electrical safety report Dat",no,low,"attached to Zoho 2025-06-20; scanned, no text; OCR (unverified) next inspection date: 2030-03-17"
2406742000013434353,"Flat 26, Catterick House, Cottenham Road, S65 1LD",zoho,EICR Flat 26 Catt 22-03-2030.pdf,EICR,,2030-03-22,"OCR: 26 Catterick House Cottenham Road Rotherham S65 1LD Description of premises: Domestic N/A Commercial N/A Industrial N/A Other, please specif",no,low,"attached to Zoho 2026-04-09; scanned, no text; OCR (unverified) next inspection date: 2030-03-22"
2406742000013434353,"Flat 26, Catterick House, Cottenham Road, S65 1LD",zoho,26 Catteric House - EPC.pdf,EPC,2029-09-11,,"26 Catterick House, Cottenham Road, ROTHERHAM, S65 1LD",yes,high,attached to Zoho 2019-09-12; date of certificate 2019-09-12 + 10 years - 1 day (gov.uk convention)
2406742000013434353,"Flat 26, Catterick House, Cottenham Road, S65 1LD",zoho,26 catterick house Electric certificate.pdf,electrical,,,,no,low,"attached to Zoho 2019-11-01; text layer is the blank NICEIC form template (sample data), real certificate is an image; scanned, no text"
2406742000013434353,"Flat 26, Catterick House, Cottenham Road, S65 1LD",zoho,Catterick Property license .pdf,licence,,,"OCR: ng Team Rotherham Community Safety and Street Scene Riverside House, Main Street, Rotherham, S60 1AE",no,low,"attached to Zoho 2020-04-17; scanned, no text"
2406742000013434353,"Flat 26, Catterick House, Cottenham Road, S65 1LD",zoho,Catterick Property License Exp 2025.html,licence,2025-04-30,,"ION LICENCE No. [ 052217 ] OF PROPERTY Catterick House, Cottenham Road, Eastwood, Rotherham, S65 1LD",yes,medium,"attached to Zoho 2023-09-19; expiry date; document address reads as Catterick House Main, Cottenham Road, Rotherham, S65 1LD (same building, unit not confirmed); address in document not confirmed"
2406742000013434281,"Flat 27, Catterick House, Cottenham Road, S65 1LD",zoho,27 Catterick House-EICR.pdf,EIC,,,OCR: address Appartment 27 Catterick House Beaucatt Homes Rotherham 389 High Rd Leyton Postcode: E10 Postcode: S65 ILD DETAILS OF THE INSTALLATIO,no,low,"attached to Zoho 2021-03-06; scanned, no text; OCR (unverified) inspection 2021-01-17 + 5 years (interval not found): 2026-01-17"
2406742000013434281,"Flat 27, Catterick House, Cottenham Road, S65 1LD",zoho,"27 Catterick House EICR, 16.1.26.pdf",EICR,,2026-01-16,"OCR: Apartment 27 Catterick House Rotherham S65 1LD Description of premises: Domestic N/A Commercial N/A Industrial N/A Other, please specify: N/",no,low,"attached to Zoho 2023-03-13; scanned, no text; OCR (unverified) inspection 2021-01-16 + 5 years (interval not found): 2026-01-16"
2406742000013434281,"Flat 27, Catterick House, Cottenham Road, S65 1LD",zoho,Catt 27 - EICR 17-3-2030.pdf,EICR,,2030-03-17,"OCR: 27 Catterick House, Cottenham Road , Rotherham, S65 1LD Email: N/A B. REASON FOR PRODUCING THIS REPORT Landlord electrical safety report Dat",no,low,"attached to Zoho 2025-06-20; scanned, no text; OCR (unverified) next inspection date: 2030-03-17"
2406742000013434281,"Flat 27, Catterick House, Cottenham Road, S65 1LD",zoho,EICR Flat 27 Catt 21-03-2030.pdf,EICR,,2030-03-21,"OCR: 27 Catterick House Cottenham Road Rotherham S65 1LD Description of premises: Domestic N/A Commercial N/A Industrial N/A Other, please specif",no,low,"attached to Zoho 2026-04-09; scanned, no text; OCR (unverified) next inspection date: 2030-03-21"
2406742000013434281,"Flat 27, Catterick House, Cottenham Road, S65 1LD",zoho,27 Catteric House - EPC.pdf,EPC,2027-12-18,,"27 Catterick House, Cottenham Road, ROTHERHAM, S65 1LD",yes,high,attached to Zoho 2019-09-12; date of certificate 2017-12-19 + 10 years - 1 day (gov.uk convention)
2406742000013434281,"Flat 27, Catterick House, Cottenham Road, S65 1LD",zoho,27catterick house Electric certificate.pdf,electrical,,,,no,low,"attached to Zoho 2019-11-01; text layer is the blank NICEIC form template (sample data), real certificate is an image; scanned, no text"
2406742000013434281,"Flat 27, Catterick House, Cottenham Road, S65 1LD",zoho,Catterick Property license .pdf,licence,,,"OCR: ng Team Rotherham Community Safety and Street Scene Riverside House, Main Street, Rotherham, S60 1AE",no,low,"attached to Zoho 2020-04-17; scanned, no text"
2406742000013434281,"Flat 27, Catterick House, Cottenham Road, S65 1LD",zoho,Catterick Property License Exp 2025.html,licence,2025-04-30,,"ION LICENCE No. [ 052217 ] OF PROPERTY Catterick House, Cottenham Road, Eastwood, Rotherham, S65 1LD",yes,medium,"attached to Zoho 2023-09-19; expiry date; document address reads as Catterick House Main, Cottenham Road, Rotherham, S65 1LD (same building, unit not confirmed); address in document not confirmed"
2406742000016504163,"Flat 28, Catterick House, Cottenham Road, S65 1LD",zoho,"28 Catterick House EICR, 16.1.26.pdf",EICR,,2026-01-16,"OCR: Apartment 28 Catterick House Rotherham S65 1LD Description of premises: Domestic N/A Commercial N/A Industrial N/A Other, please specify: N/",no,low,"attached to Zoho 2023-03-13; scanned, no text; OCR (unverified) inspection 2021-01-16 + 5 years (interval not found): 2026-01-16"
2406742000016504163,"Flat 28, Catterick House, Cottenham Road, S65 1LD",zoho,Catt 28 - EICR 17-3-2030.pdf,EICR,,2030-03-17,"OCR: 28 Catterick House, Cottenham Road , Rotherham, S65 1LD Email: N/A B. REASON FOR PRODUCING THIS REPORT Landlord electrical safety report Dat",no,low,"attached to Zoho 2025-06-20; scanned, no text; OCR (unverified) next inspection date: 2030-03-17"
2406742000016504163,"Flat 28, Catterick House, Cottenham Road, S65 1LD",zoho,EICR Flat 28 Catt 22-03-2030.pdf,EICR,,2030-03-22,"OCR: 28 Catterick House Cottenham Road Rotherham S65 1LD Description of premises: Domestic N/A Commercial N/A Industrial N/A Other, please specif",no,low,"attached to Zoho 2026-04-09; scanned, no text; OCR (unverified) next inspection date: 2030-03-22"
2406742000016504163,"Flat 28, Catterick House, Cottenham Road, S65 1LD",zoho,28 CATTERICK EPC.pdf,EPC,2022-08-20,,"28 Catterick House, Cottenham Road, ROTHERHAM, S65 1LD",yes,high,attached to Zoho 2020-04-08; date of certificate 2012-08-21 + 10 years - 1 day (gov.uk convention)
2406742000016504163,"Flat 28, Catterick House, Cottenham Road, S65 1LD",zoho,28 Catterick House EPC.pdf,EPC,2022-08-20,,"28 Catterick House, Cottenham Road, ROTHERHAM, S65 1LD",yes,high,attached to Zoho 2019-09-12; date of certificate 2012-08-21 + 10 years - 1 day (gov.uk convention)
2406742000016504163,"Flat 28, Catterick House, Cottenham Road, S65 1LD",zoho,28 Catterick House EPC.pdf,EPC,2032-12-14,,28 Catterick House Cottenham Road ROTHERHAM S65 1LD,yes,high,attached to Zoho 2022-12-16; valid until
2406742000016504163,"Flat 28, Catterick House, Cottenham Road, S65 1LD",zoho,28catterick house Electric certificate.pdf,electrical,,,,no,low,"attached to Zoho 2019-11-01; text layer is the blank NICEIC form template (sample data), real certificate is an image; scanned, no text"
2406742000016504163,"Flat 28, Catterick House, Cottenham Road, S65 1LD",zoho,Catterick Property license .pdf,licence,,,"OCR: ng Team Rotherham Community Safety and Street Scene Riverside House, Main Street, Rotherham, S60 1AE",no,low,"attached to Zoho 2020-04-17; scanned, no text"
2406742000016504163,"Flat 28, Catterick House, Cottenham Road, S65 1LD",zoho,Catterick Property license .pdf,licence,,,"OCR: ng Team Rotherham Community Safety and Street Scene Riverside House, Main Street, Rotherham, S60 1AE",no,low,"attached to Zoho 2020-04-17; scanned, no text"
2406742000016504163,"Flat 28, Catterick House, Cottenham Road, S65 1LD",zoho,Catterick Property License Exp 2025.html,licence,2025-04-30,,"ION LICENCE No. [ 052217 ] OF PROPERTY Catterick House, Cottenham Road, Eastwood, Rotherham, S65 1LD",yes,medium,"attached to Zoho 2023-09-19; expiry date; document address reads as Catterick House Main, Cottenham Road, Rotherham, S65 1LD (same building, unit not confirmed); address in document not confirmed"
2406742000013434209,"Flat 29, Catterick House, Cottenham Road, S65 1LD",zoho,29 Catterick House-EICR.pdf,EIC,,,OCR: address Appartment 29 Catterick House Beaucatt Homes Rotherham 389 High Rd Leyton Postcode: E10 Postcode: S65 ILD DETAILS OF THE INSTALLATIO,no,low,"attached to Zoho 2021-03-06; scanned, no text; OCR (unverified) inspection 2021-01-17 + 5 years (interval not found): 2026-01-17"
2406742000013434209,"Flat 29, Catterick House, Cottenham Road, S65 1LD",zoho,"29 Catterick House EICR, 16.1.26.pdf",EICR,,2026-01-16,"OCR: Apartment 29 Catterick House Rotherham S65 1LD Description of premises: Domestic N/A Commercial N/A Industrial N/A Other, please specify: N/",no,low,"attached to Zoho 2023-03-13; scanned, no text; OCR (unverified) inspection 2021-01-16 + 5 years (interval not found): 2026-01-16"
2406742000013434209,"Flat 29, Catterick House, Cottenham Road, S65 1LD",zoho,EICR - Flat 29 Catt 17-03-2030.pdf,EICR,,2030-03-17,"OCR: 29 Catterick House, Cottenham Road , Rotherham, S65 1LD Email: N/A B. REASON FOR PRODUCING THIS REPORT Landlord electrical safety report Dat",no,low,"attached to Zoho 2025-04-07; scanned, no text; OCR (unverified) next inspection date: 2030-03-17"
2406742000013434209,"Flat 29, Catterick House, Cottenham Road, S65 1LD",zoho,EICR Flat 29 Catt 20-03-2030.pdf,EICR,,2030-03-20,"OCR: 29 Catterick House, Cottenham Road , Rotherham, S65 1LD Email: N/A B. REASON FOR PRODUCING THIS REPORT Landlord electrical safety report Dat",no,low,"attached to Zoho 2026-04-09; scanned, no text; OCR (unverified) next inspection date: 2030-03-20"
2406742000013434209,"Flat 29, Catterick House, Cottenham Road, S65 1LD",zoho,29 Catterick House EPC.pdf,EPC,2024-11-05,,"29 Catterick House, Cottenham Road, ROTHERHAM, S65 1LD",yes,high,attached to Zoho 2019-09-12; date of certificate 2014-11-06 + 10 years - 1 day (gov.uk convention)
2406742000013434209,"Flat 29, Catterick House, Cottenham Road, S65 1LD",zoho,Flat 29 Catterick EPC - 11 November 2034.pdf,EPC,2034-11-11,2034-11-11,29 Catterick House Cottenham Road ROTHERHAM S65 1LD,yes,high,attached to Zoho 2024-11-14; valid until
2406742000013434209,"Flat 29, Catterick House, Cottenham Road, S65 1LD",zoho,29 catterick house Electric certificate.pdf,electrical,,,,no,low,"attached to Zoho 2019-11-01; text layer is the blank NICEIC form template (sample data), real certificate is an image; scanned, no text"
2406742000013434209,"Flat 29, Catterick House, Cottenham Road, S65 1LD",zoho,Catterick Property license .pdf,licence,,,"OCR: ng Team Rotherham Community Safety and Street Scene Riverside House, Main Street, Rotherham, S60 1AE",no,low,"attached to Zoho 2020-04-17; scanned, no text"
2406742000013434209,"Flat 29, Catterick House, Cottenham Road, S65 1LD",zoho,Catterick Property License Exp 2025.html,licence,2025-04-30,,"ION LICENCE No. [ 052217 ] OF PROPERTY Catterick House, Cottenham Road, Eastwood, Rotherham, S65 1LD",yes,medium,"attached to Zoho 2023-09-19; expiry date; document address reads as Catterick House Main, Cottenham Road, Rotherham, S65 1LD (same building, unit not confirmed); address in document not confirmed"
2406742000028830183,"Flat 3, 253 Lea Bridge Road, E10 7NE",zoho,F3 253 Lea Brige Electric certificate 15.05.2021.pdf,EICR,,2021-05-15,,no,low,"attached to Zoho 2021-09-23; scanned, no text"
2406742000028830183,"Flat 3, 253 Lea Bridge Road, E10 7NE",zoho,"Flat 3, 253 Lea Bridge Road EICR.27.4.27.pdf",EICR,,2027-04-27,"OCR: Flat 3 253 Lea Bridge Road, Leyton, London, E10 7NE Email: N/A N/A Date(s) inspection and testing carried out: 28/04/2022 Occupier: N/A Addr",no,low,"attached to Zoho 2022-04-28; scanned, no text; OCR (unverified) inspection 2022-04-28 + 5 years (interval not found): 2027-04-28"
2406742000028830183,"Flat 3, 253 Lea Bridge Road, E10 7NE",zoho,F3 253 Lea EPC.pdf,EPC,,,"OCR: Flat 3, 253 Leabridge Road, LONDON, E10 7NE",no,low,"attached to Zoho 2021-09-23; scanned, no text; OCR (unverified) date of certificate 2018-05-23 + 10 years - 1 day (gov.uk convention): 2028-05-22"
2406742000028830183,"Flat 3, 253 Lea Bridge Road, E10 7NE",zoho,"Flat3, 253 Lea Bridge. Gas certificate.31.3.22.jpg",gas,,2022-03-31,,no,low,"attached to Zoho 2021-04-07; image attachment, not downloaded"
2406742000028830183,"Flat 3, 253 Lea Bridge Road, E10 7NE",zoho,"Gas Cert Flat 3, 253 Lea bridge Road 14-July-27.pdf",gas,,2027-07-14,"OCR: Address Flat 3, Gas Safe Register No Lame, Lonor Name (Mr/Mrs/Miss/Ms) _ 8486 655428 Outcome of gas tightness test? Number of Appliances tes",no,low,"attached to Zoho 2026-07-20; scanned, no text"
2406742000028830183,"Flat 3, 253 Lea Bridge Road, E10 7NE",zoho,"Gas cert for Flat 3, 253 Leabridge Road 03-07-2025.pdf",gas,,2025-07-03,,no,low,"attached to Zoho 2024-07-04; scanned, no text"
2406742000028830183,"Flat 3, 253 Lea Bridge Road, E10 7NE",zoho,"Gas cert for Flat 3, 253 Leabridge Road E10, 27-Jul-2026.pdf",gas,,2026-07-27,OCR: Rocd Postcode Contact No Postcode Contact No Postcode Contact No Serial No 8178,no,low,"attached to Zoho 2025-07-30; scanned, no text"
2406742000028830183,"Flat 3, 253 Lea Bridge Road, E10 7NE",zoho,"flat 3, 253 Leabridge Road,E10 7NE - Gas cert.8.7.24.pdf",gas,,2024-07-08,OCR: Name (Mr/Mrs/Miss/Ms) Gas Safe Register No LAD 181524 Outcome of gas tightness test? Number of Appliances tested Postcode E10 7NE Postcode 6,no,low,"attached to Zoho 2023-07-11; scanned, no text"
2406742000028830183,"Flat 3, 253 Lea Bridge Road, E10 7NE",zoho,"Flat 3, 253 Lea Bridge Raod gas cetificate, 4.7.23.pdf",gas,2023-07-04,2023-07-04,Name: Damian Murry Address: 253 Lea Bridge Road flat 3 London Postcode: e107ne Contact Number: Appliance Details Location Type Manufacturer ,yes,high,attached to Zoho 2022-07-05; next check due
2406742000028830183,"Flat 3, 253 Lea Bridge Road, E10 7NE",zoho,F3 253 Lea Bridge License.pdf,licence,2026-03-23,,"Flat 3 253, Lea Bridge Road London E10 7NE",yes,high,attached to Zoho 2021-09-23; expiry date
2406742000024062423,"Flat 3, 35 Lord Street, Blackpool, FY1 2BD",zoho,3 Lord Street electric certificate.pdf,EICR,,,"OCR: Flat 3 35 Lord St Blackpool Lancs FY1 2BD Description of premises: Domestic N/A Commercial N/A Industrial N/A Other, please specify: Estimat",no,low,"attached to Zoho 2021-06-24; scanned, no text; OCR (unverified) inspection 2021-04-15 + 5 years (interval not found): 2026-04-15"
2406742000024062423,"Flat 3, 35 Lord Street, Blackpool, FY1 2BD",zoho,Flat 3 Lord st EICR 23-09-30.pdf,EICR,,2030-09-23,"OCR: Fla3 35 Lord Street, , Blackpool , FY1 2BD Email: N/A B. REASON FOR PRODUCING THIS REPORT Landlord electrical safety report Date(s) inspecti",no,low,"attached to Zoho 2025-09-24; scanned, no text; OCR (unverified) next inspection date: 2030-09-23"
2406742000024062423,"Flat 3, 35 Lord Street, Blackpool, FY1 2BD",zoho,"Flat 3, 35 Lord street EPC.pdf",EPC,2024-01-27,,"Flat 3, 35, Lord Street, BLACKPOOL, FY1 2BD",yes,high,attached to Zoho 2020-06-26; date of certificate 2014-01-28 + 10 years - 1 day (gov.uk convention)
2406742000024062423,"Flat 3, 35 Lord Street, Blackpool, FY1 2BD",zoho,"Flat 3, 35 Lord Street EPC.pdf",EPC,2034-01-30,,Flat 3 35 Lord Street BLACKPOOL FY1 2BD,yes,high,attached to Zoho 2024-01-31; valid until
2406742000013464060,"Flat 3, Catterick House, Cottenham Road, S65 1LD",zoho,3 Catterick House-EICR.pdf,EIC,,,OCR: address Appartment 3 Catterick House Beaucatt Homes Rotherham 389 High Rd Leyton Postcode: E10 Postcode: S65 ILD DETAILS OF THE INSTALLATION,no,low,"attached to Zoho 2021-03-08; scanned, no text; OCR (unverified) inspection 2021-01-17 + 5 years (interval not found): 2026-01-17"
2406742000013464060,"Flat 3, Catterick House, Cottenham Road, S65 1LD",zoho,EICR - Flat 3 Catt 17-03-2030.pdf,EICR,,2030-03-17,"OCR: 3 Catterick House, Cottenham Road, Rotherham, S65 1LD Email: N/A B. REASON FOR PRODUCING THIS REPORT Landlord electrical safety report Date(",no,low,"attached to Zoho 2025-04-08; scanned, no text; OCR (unverified) next inspection date: 2030-03-17"
2406742000013464060,"Flat 3, Catterick House, Cottenham Road, S65 1LD",zoho,EICR Flat 3 Catt 26-03-2030.pdf,EICR,,2030-03-26,"OCR: 3 Catterick House Cottenham Road Rotherham S65 1LD Description of premises: Domestic N/A Commercial N/A Industrial N/A Other, please specify",no,low,"attached to Zoho 2026-04-06; scanned, no text; OCR (unverified) next inspection date: 2030-03-26"
2406742000013464060,"Flat 3, Catterick House, Cottenham Road, S65 1LD",zoho,3 Catterick Road EPC.pdf,EPC,2028-07-16,,"3 Catterick House, Cottenham Road, ROTHERHAM, S65 1LD",yes,high,attached to Zoho 2019-09-12; date of certificate 2018-07-17 + 10 years - 1 day (gov.uk convention)
2406742000013464060,"Flat 3, Catterick House, Cottenham Road, S65 1LD",zoho,3 catterick house Electric certificate.pdf,electrical,,,,no,low,"attached to Zoho 2019-11-01; text layer is the blank NICEIC form template (sample data), real certificate is an image; scanned, no text"
2406742000013464060,"Flat 3, Catterick House, Cottenham Road, S65 1LD",zoho,Catterick Property license .pdf,licence,,,"OCR: ng Team Rotherham Community Safety and Street Scene Riverside House, Main Street, Rotherham, S60 1AE",no,low,"attached to Zoho 2020-04-17; scanned, no text"
2406742000013464060,"Flat 3, Catterick House, Cottenham Road, S65 1LD",zoho,Catterick Property License Exp 2025.html,licence,2025-04-30,,"ION LICENCE No. [ 052217 ] OF PROPERTY Catterick House, Cottenham Road, Eastwood, Rotherham, S65 1LD",yes,medium,"attached to Zoho 2023-09-19; expiry date; document address reads as Catterick House Main, Cottenham Road, Rotherham, S65 1LD (same building, unit not confirmed); address in document not confirmed"
2406742000013434137,"Flat 30, Catterick House, Cottenham Road, S65 1LD",zoho,30 Catterick House-EICR.pdf,EIC,,,OCR: address Appartment 30 Catterick House Beaucatt Homes Rotherham 389 High Rd Leyton Postcode: E10 Postcode: S65 ILD DETAILS OF THE INSTALLATIO,no,low,"attached to Zoho 2021-03-06; scanned, no text; OCR (unverified) inspection 2021-01-17 + 5 years (interval not found): 2026-01-17"
2406742000013434137,"Flat 30, Catterick House, Cottenham Road, S65 1LD",zoho,EICR - Flat 30 Catt 17-03-2030.pdf,EICR,,2030-03-17,"OCR: 30 Catterick House, Cottenham Road, Rotherham, S65 1LD Email: N/A B. REASON FOR PRODUCING THIS REPORT Landlord electrical safety report Date",no,low,"attached to Zoho 2025-04-07; scanned, no text; OCR (unverified) next inspection date: 2030-03-18"
2406742000013434137,"Flat 30, Catterick House, Cottenham Road, S65 1LD",zoho,EICR Flat 30 Catt 20-03-2030.pdf,EICR,,2030-03-20,"OCR: 30 Catterick House, Cottenham Road , Rotherham, S65 1LD Email: N/A B. REASON FOR PRODUCING THIS REPORT Landlord electrical safety report Dat",no,low,"attached to Zoho 2026-04-09; scanned, no text; OCR (unverified) next inspection date: 2030-03-20"
2406742000013434137,"Flat 30, Catterick House, Cottenham Road, S65 1LD",zoho,30 Catteric House - EPC.pdf,EPC,2029-09-11,,"30 Catterick House, Cottenham Road, ROTHERHAM, S65 1LD",yes,high,attached to Zoho 2019-09-12; date of certificate 2019-09-12 + 10 years - 1 day (gov.uk convention)
2406742000013434137,"Flat 30, Catterick House, Cottenham Road, S65 1LD",zoho,30 Catterick house Electric certificate.pdf,electrical,,,,no,low,"attached to Zoho 2019-11-01; text layer is the blank NICEIC form template (sample data), real certificate is an image; scanned, no text"
2406742000013434137,"Flat 30, Catterick House, Cottenham Road, S65 1LD",zoho,Catterick Property license .pdf,licence,,,"OCR: ng Team Rotherham Community Safety and Street Scene Riverside House, Main Street, Rotherham, S60 1AE",no,low,"attached to Zoho 2020-04-17; scanned, no text"
2406742000013434137,"Flat 30, Catterick House, Cottenham Road, S65 1LD",zoho,Catterick Property License Exp 2025.html,licence,2025-04-30,,"ION LICENCE No. [ 052217 ] OF PROPERTY Catterick House, Cottenham Road, Eastwood, Rotherham, S65 1LD",yes,medium,"attached to Zoho 2023-09-19; expiry date; document address reads as Catterick House Main, Cottenham Road, Rotherham, S65 1LD (same building, unit not confirmed); address in document not confirmed"
2406742000013434065,"Flat 31, Catterick House, Cottenham Road, S65 1LD",zoho,"31 Catterick House EICR, 16.1.26.pdf",EICR,,2026-01-16,"OCR: Apartment 31 Catterick House Rotherham S65 1LD Description of premises: Domestic N/A Commercial N/A Industrial N/A Other, please specify: N/",no,low,"attached to Zoho 2023-03-13; scanned, no text; OCR (unverified) inspection 2021-01-16 + 5 years (interval not found): 2026-01-16"
2406742000013434065,"Flat 31, Catterick House, Cottenham Road, S65 1LD",zoho,EICR - Flat 31 Catt 17-03-2030.pdf.pdf,EICR,,2030-03-17,"OCR: 30 Catterick House, Cottenham Road , Rotherham, S65 1LD Email: N/A B. REASON FOR PRODUCING THIS REPORT Landlord electrical safety report Dat",no,low,"attached to Zoho 2025-10-04; scanned, no text; OCR (unverified) inspection 2025-03-18 + 5 years (interval not found): 2030-03-18; OCR address suggests Flat 30, Catterick House, Cottenham Road, S65 1LD"
2406742000013434065,"Flat 31, Catterick House, Cottenham Road, S65 1LD",zoho,EICR Flat 31 Catt 20-03-2030.pdf,EICR,,2030-03-20,"OCR: 31 Catterick House, Cottenham Road , Rotherham, S65 1LD Email: N/A B. REASON FOR PRODUCING THIS REPORT Landlord electrical safety report Dat",no,low,"attached to Zoho 2026-04-09; scanned, no text; OCR (unverified) next inspection date: 2030-03-20"
2406742000013434065,"Flat 31, Catterick House, Cottenham Road, S65 1LD",zoho,"31 Catterick House, - EPC.pdf",EPC,2029-09-11,,"31 Catterick House, Cottenham Road, ROTHERHAM, S65 1LD",yes,high,attached to Zoho 2019-09-12; date of certificate 2019-09-12 + 10 years - 1 day (gov.uk convention)
2406742000013434065,"Flat 31, Catterick House, Cottenham Road, S65 1LD",zoho,31 catterick house Electric certificate.pdf,electrical,,,,no,low,"attached to Zoho 2019-11-01; text layer is the blank NICEIC form template (sample data), real certificate is an image; scanned, no text"
2406742000013434065,"Flat 31, Catterick House, Cottenham Road, S65 1LD",zoho,Catterick Property license .pdf,licence,,,"OCR: ng Team Rotherham Community Safety and Street Scene Riverside House, Main Street, Rotherham, S60 1AE",no,low,"attached to Zoho 2020-04-17; scanned, no text"
2406742000013434065,"Flat 31, Catterick House, Cottenham Road, S65 1LD",zoho,Catterick Property License Exp 2025.html,licence,2025-04-30,,"ION LICENCE No. [ 052217 ] OF PROPERTY Catterick House, Cottenham Road, Eastwood, Rotherham, S65 1LD",yes,medium,"attached to Zoho 2023-09-21; expiry date; document address reads as Catterick House Main, Cottenham Road, Rotherham, S65 1LD (same building, unit not confirmed); address in document not confirmed"
2406742000013412993,"Flat 32, Catterick House, Cottenham Road, S65 1LD",zoho,"32 Catterick House EICR, 16.1.26.pdf",EICR,,2026-01-16,"OCR: Apartment 32 Catterick House Rotherham S65 1LD Description of premises: Domestic N/A Commercial N/A Industrial N/A Other, please specify: N/",no,low,"attached to Zoho 2023-03-13; scanned, no text; OCR (unverified) inspection 2021-01-16 + 5 years (interval not found): 2026-01-16"
2406742000013412993,"Flat 32, Catterick House, Cottenham Road, S65 1LD",zoho,EICR - Flat 32 Catt 17-03-2030.pdf,EICR,,2030-03-17,"OCR: 32 Catterick House, Cottenham Road , Rotherham, S65 1LD Email: N/A B. REASON FOR PRODUCING THIS REPORT Landlord electrical safety report Dat",no,low,"attached to Zoho 2025-04-07; scanned, no text; OCR (unverified) next inspection date: 2030-03-18"
2406742000013412993,"Flat 32, Catterick House, Cottenham Road, S65 1LD",zoho,EICR Flat 32 Catt 20-03-2030.pdf,EICR,,2030-03-20,"OCR: 32 Catterick House , Cottenham Road , Rotherham, S65 1LD Email: N/A B. REASON FOR PRODUCING THIS REPORT Landlord electrical safety report Da",no,low,"attached to Zoho 2026-04-09; scanned, no text; OCR (unverified) next inspection date: 2030-03-20"
2406742000013412993,"Flat 32, Catterick House, Cottenham Road, S65 1LD",zoho,Flat 32 Catterick House EICR.pdf,EICR,,,"OCR: Apartment 32, Catterick House, Rotherham, S65 1LD Email: N/A N/A Date(s) inspection and testing carried out: 24/03/2021 Occupier: N/A Addres",no,low,"attached to Zoho 2021-05-29; scanned, no text; OCR (unverified) next inspection date: 2026-03-24"
2406742000013412993,"Flat 32, Catterick House, Cottenham Road, S65 1LD",zoho,"32 Catterick House, - EPC.pdf",EPC,2029-09-11,,"32 Catterick House, Cottenham Road, ROTHERHAM, S65 1LD",yes,high,attached to Zoho 2019-09-12; date of certificate 2019-09-12 + 10 years - 1 day (gov.uk convention)
2406742000013412993,"Flat 32, Catterick House, Cottenham Road, S65 1LD",zoho,32 catterick house Electric certificate.pdf,electrical,,,,no,low,"attached to Zoho 2019-11-01; text layer is the blank NICEIC form template (sample data), real certificate is an image; scanned, no text"
2406742000013412993,"Flat 32, Catterick House, Cottenham Road, S65 1LD",zoho,Catterick Property license .pdf,licence,,,"OCR: ng Team Rotherham Community Safety and Street Scene Riverside House, Main Street, Rotherham, S60 1AE",no,low,"attached to Zoho 2020-04-17; scanned, no text"
2406742000013412993,"Flat 32, Catterick House, Cottenham Road, S65 1LD",zoho,Catterick Property License Exp 2025.html,licence,2025-04-30,,"ION LICENCE No. [ 052217 ] OF PROPERTY Catterick House, Cottenham Road, Eastwood, Rotherham, S65 1LD",yes,medium,"attached to Zoho 2023-09-21; expiry date; document address reads as Catterick House Main, Cottenham Road, Rotherham, S65 1LD (same building, unit not confirmed); address in document not confirmed"
2406742000013412921,"Flat 33, Catterick House, Cottenham Road, S65 1LD",zoho,33 Catterick House-EICR.pdf,EIC,,,OCR: address Appartment 33 Catterick House Beaucatt Homes Rotherham 389 High Rd Leyton Postcode: E10 Postcode: S65 ILD DETAILS OF THE INSTALLATIO,no,low,"attached to Zoho 2021-03-06; scanned, no text; OCR (unverified) inspection 2021-01-17 + 5 years (interval not found): 2026-01-17"
2406742000013412921,"Flat 33, Catterick House, Cottenham Road, S65 1LD",zoho,"33 Catterick House EICR, 16.1.26.pdf",EICR,,2026-01-16,"OCR: Apartment 33 Catterick House Rotherham S65 1LD Description of premises: Domestic N/A Commercial N/A Industrial N/A Other, please specify: N/",no,low,"attached to Zoho 2023-03-13; scanned, no text; OCR (unverified) inspection 2021-01-16 + 5 years (interval not found): 2026-01-16"
2406742000013412921,"Flat 33, Catterick House, Cottenham Road, S65 1LD",zoho,EICR - Flat 33 Catt 17-03-2030.pdf,EICR,,2030-03-17,"OCR: 33 Catterick House, Cottenham Road , Rotherham, S65 1LD Email: N/A B. REASON FOR PRODUCING THIS REPORT Landlord electrical safety report Dat",no,low,"attached to Zoho 2025-04-07; scanned, no text; OCR (unverified) next inspection date: 2030-03-17"
2406742000013412921,"Flat 33, Catterick House, Cottenham Road, S65 1LD",zoho,EICR Flat 33 Catt 20-03-2030.pdf,EICR,,2030-03-20,"OCR: 33 Catterick House , Cottenham Road , Rotherham, S65 1LD Email: N/A B. REASON FOR PRODUCING THIS REPORT Landlord electrical safety report Da",no,low,"attached to Zoho 2026-04-09; scanned, no text; OCR (unverified) next inspection date: 2030-03-20"
2406742000013412921,"Flat 33, Catterick House, Cottenham Road, S65 1LD",zoho,33 Catterick House EPC.pdf,EPC,2029-09-11,,"33 Catterick House, Cottenham Road, ROTHERHAM, S65 1LD",yes,high,attached to Zoho 2019-09-18; date of certificate 2019-09-12 + 10 years - 1 day (gov.uk convention)
2406742000013412921,"Flat 33, Catterick House, Cottenham Road, S65 1LD",zoho,33 Catterick house Electric certificate.pdf,electrical,,,,no,low,"attached to Zoho 2019-11-01; text layer is the blank NICEIC form template (sample data), real certificate is an image; scanned, no text"
2406742000013412921,"Flat 33, Catterick House, Cottenham Road, S65 1LD",zoho,Catterick Property license .pdf,licence,,,"OCR: ng Team Rotherham Community Safety and Street Scene Riverside House, Main Street, Rotherham, S60 1AE",no,low,"attached to Zoho 2020-04-17; scanned, no text"
2406742000013412921,"Flat 33, Catterick House, Cottenham Road, S65 1LD",zoho,Catterick Property License Exp 2025.html,licence,2025-04-30,,"ION LICENCE No. [ 052217 ] OF PROPERTY Catterick House, Cottenham Road, Eastwood, Rotherham, S65 1LD",yes,medium,"attached to Zoho 2023-09-21; expiry date; document address reads as Catterick House Main, Cottenham Road, Rotherham, S65 1LD (same building, unit not confirmed); address in document not confirmed"
2406742000013412876,"Flat 34, Catterick House, Cottenham Road, S65 1LD",zoho,34 Catterick House-EICR.pdf,EIC,,,OCR: address Appartment 34 Catterick House Beaucatt Homes Rotherham 389 High Rd Leyton Postcode: E10 Postcode: S65 ILD DETAILS OF THE INSTALLATIO,no,low,"attached to Zoho 2021-03-06; scanned, no text; OCR (unverified) inspection 2021-01-17 + 5 years (interval not found): 2026-01-17"
2406742000013412876,"Flat 34, Catterick House, Cottenham Road, S65 1LD",zoho,EICR - Flat 34 Catt 17-03-2030.pdf,EICR,,2030-03-17,"OCR: 34 Catterick House, Cottenham Road , Rotherham, S65 1LD Email: N/A B. REASON FOR PRODUCING THIS REPORT Landlord electrical safety report Dat",no,low,"attached to Zoho 2025-04-07; scanned, no text; OCR (unverified) next inspection date: 2030-03-17"
2406742000013412876,"Flat 34, Catterick House, Cottenham Road, S65 1LD",zoho,EICR Flat 34 Catt 19-03-2030.pdf,EICR,,2030-03-19,"OCR: 34 Catterick House , Cottenham Road , Rotherham, S65 1LD Email: N/A B. REASON FOR PRODUCING THIS REPORT Landlord electrical safety report Da",no,low,"attached to Zoho 2026-04-09; scanned, no text; OCR (unverified) next inspection date: 2030-03-19"
2406742000013412876,"Flat 34, Catterick House, Cottenham Road, S65 1LD",zoho,Flat 34 EICR.pdf,EICR,,,"OCR: Apartment 34, Caterick House , Rotherham, N/A Email: N/A N/A Date(s) inspection and testing carried out: 26/10/2021 Occupier: N/A Address: A",no,low,"attached to Zoho 2021-10-27; scanned, no text; OCR (unverified) next inspection date: 2021-10-26"
2406742000013412876,"Flat 34, Catterick House, Cottenham Road, S65 1LD",zoho,34 CATTERICK EPC.pdf,EPC,2028-04-11,,"34 Catterick House, Cottenham Road, ROTHERHAM, S65 1LD",yes,high,attached to Zoho 2020-04-08; date of certificate 2018-04-12 + 10 years - 1 day (gov.uk convention)
2406742000013412876,"Flat 34, Catterick House, Cottenham Road, S65 1LD",zoho,"34 Catterick House, EPC.pdf",EPC,2028-04-11,,"34 Catterick House, Cottenham Road, ROTHERHAM, S65 1LD",yes,high,attached to Zoho 2019-09-12; date of certificate 2018-04-12 + 10 years - 1 day (gov.uk convention)
2406742000013412876,"Flat 34, Catterick House, Cottenham Road, S65 1LD",zoho,34 catterick house Electric certificate.pdf,electrical,,,,no,low,"attached to Zoho 2019-11-01; text layer is the blank NICEIC form template (sample data), real certificate is an image; scanned, no text"
2406742000013412876,"Flat 34, Catterick House, Cottenham Road, S65 1LD",zoho,Catterick Property license .pdf,licence,,,"OCR: ng Team Rotherham Community Safety and Street Scene Riverside House, Main Street, Rotherham, S60 1AE",no,low,"attached to Zoho 2020-04-17; scanned, no text"
2406742000013412876,"Flat 34, Catterick House, Cottenham Road, S65 1LD",zoho,Catterick Property License Exp 2025.html,licence,2025-04-30,,"ION LICENCE No. [ 052217 ] OF PROPERTY Catterick House, Cottenham Road, Eastwood, Rotherham, S65 1LD",yes,medium,"attached to Zoho 2023-09-21; expiry date; document address reads as Catterick House Main, Cottenham Road, Rotherham, S65 1LD (same building, unit not confirmed); address in document not confirmed"
2406742000013412729,"Flat 35, Catterick House, Cottenham Road, S65 1LD",zoho,35-Catterick House-EICR.pdf,EIC,,,OCR: address Appartment 35 Catterick House Beaucatt Homes Rotherham 389 High Rd Leyton Postcode: E10 Postcode: S65 ILD DETAILS OF THE INSTALLATIO,no,low,"attached to Zoho 2021-03-19; scanned, no text; OCR (unverified) inspection 2021-01-17 + 5 years (interval not found): 2026-01-17"
2406742000013412729,"Flat 35, Catterick House, Cottenham Road, S65 1LD",zoho,EICR - Flat 35 Catt 17-03-2030.pdf,EICR,,2030-03-17,"OCR: 35 Catterick House, Cottenham Road, Rotherham, S65 1LD Email: N/A B. REASON FOR PRODUCING THIS REPORT Landlord electrical safety report Date",no,low,"attached to Zoho 2025-04-07; scanned, no text; OCR (unverified) next inspection date: 2030-03-17"
2406742000013412729,"Flat 35, Catterick House, Cottenham Road, S65 1LD",zoho,EICR Flat 35 Catt 19-03-2030.pdf,EICR,,2030-03-19,"OCR: 35 Catterick House , Cottenham Road , Rotherham, S65 1LD Email: N/A B. REASON FOR PRODUCING THIS REPORT Landlord electrical safety report Da",no,low,"attached to Zoho 2026-04-09; scanned, no text; OCR (unverified) next inspection date: 2030-03-19"
2406742000013412729,"Flat 35, Catterick House, Cottenham Road, S65 1LD",zoho,35 Catterick House EPC.pdf,EPC,2029-09-11,,"35 Catterick House, Cottenham Road, ROTHERHAM, S65 1LD",yes,high,attached to Zoho 2019-09-18; date of certificate 2019-09-12 + 10 years - 1 day (gov.uk convention)
2406742000013412729,"Flat 35, Catterick House, Cottenham Road, S65 1LD",zoho,35 catterick house Electric certificate.pdf,electrical,,,,no,low,"attached to Zoho 2019-11-01; text layer is the blank NICEIC form template (sample data), real certificate is an image; scanned, no text"
2406742000013412729,"Flat 35, Catterick House, Cottenham Road, S65 1LD",zoho,Catterick Property license .pdf,licence,,,"OCR: ng Team Rotherham Community Safety and Street Scene Riverside House, Main Street, Rotherham, S60 1AE",no,low,"attached to Zoho 2020-04-17; scanned, no text"
2406742000013412729,"Flat 35, Catterick House, Cottenham Road, S65 1LD",zoho,Catterick Property License Exp 2025.html,licence,2025-04-30,,"ION LICENCE No. [ 052217 ] OF PROPERTY Catterick House, Cottenham Road, Eastwood, Rotherham, S65 1LD",yes,medium,"attached to Zoho 2023-09-21; expiry date; document address reads as Catterick House Main, Cottenham Road, Rotherham, S65 1LD (same building, unit not confirmed); address in document not confirmed"
2406742000013412657,"Flat 36, Catterick House, Cottenham Road, S65 1LD",zoho,36-Catterick House-EICR.pdf,EIC,,,OCR: address Appartment 36 Catterick House Beaucatt Homes Rotherham 389 High Rd Leyton Postcode: E10 Postcode: S65 ILD DETAILS OF THE INSTALLATIO,no,low,"attached to Zoho 2021-03-06; scanned, no text; OCR (unverified) inspection 2021-01-17 + 5 years (interval not found): 2026-01-17"
2406742000013412657,"Flat 36, Catterick House, Cottenham Road, S65 1LD",zoho,"36 Catterick House EICR, 16.1.26.pdf",EICR,,2026-01-16,"OCR: Apartment 36 Catterick House Rotherham S65 1LD Description of premises: Domestic N/A Commercial N/A Industrial N/A Other, please specify: N/",no,low,"attached to Zoho 2023-03-13; scanned, no text; OCR (unverified) inspection 2021-01-16 + 5 years (interval not found): 2026-01-16"
2406742000013412657,"Flat 36, Catterick House, Cottenham Road, S65 1LD",zoho,EICR Flat 36 Catt 19-03-2030.pdf,EICR,,2030-03-19,"OCR: 36 Catterick House, Cottenham Road , Rotherham, S65 1LD Email: N/A B. REASON FOR PRODUCING THIS REPORT Landlord electrical safety report Dat",no,low,"attached to Zoho 2026-04-09; scanned, no text; OCR (unverified) next inspection date: 2030-03-19"
2406742000013412657,"Flat 36, Catterick House, Cottenham Road, S65 1LD",zoho,36 Catterick House EPC.pdf,EPC,2029-09-11,,"36 Catterick House, Cottenham Road, ROTHERHAM, S65 1LD",yes,high,attached to Zoho 2019-09-18; date of certificate 2019-09-12 + 10 years - 1 day (gov.uk convention)
2406742000013412657,"Flat 36, Catterick House, Cottenham Road, S65 1LD",zoho,36 catterick house Electric certificate.pdf,electrical,,,,no,low,"attached to Zoho 2019-11-01; text layer is the blank NICEIC form template (sample data), real certificate is an image; scanned, no text"
2406742000013412657,"Flat 36, Catterick House, Cottenham Road, S65 1LD",zoho,Catterick Property license .pdf,licence,,,"OCR: ng Team Rotherham Community Safety and Street Scene Riverside House, Main Street, Rotherham, S60 1AE",no,low,"attached to Zoho 2020-04-17; scanned, no text"
2406742000013412657,"Flat 36, Catterick House, Cottenham Road, S65 1LD",zoho,Catterick Property License Exp 2025.html,licence,2025-04-30,,"ION LICENCE No. [ 052217 ] OF PROPERTY Catterick House, Cottenham Road, Eastwood, Rotherham, S65 1LD",yes,medium,"attached to Zoho 2023-09-21; expiry date; document address reads as Catterick House Main, Cottenham Road, Rotherham, S65 1LD (same building, unit not confirmed); address in document not confirmed"
2406742000013412582,"Flat 37, Catterick House, Cottenham Road, S65 1LD",zoho,37 Catterick House-EICR.pdf,EIC,,,OCR: address Appartment 37 Catterick House Beaucatt Homes Rotherham 389 High Rd Leyton Postcode: E10 Postcode: S65 ILD DETAILS OF THE INSTALLATIO,no,low,"attached to Zoho 2021-03-06; scanned, no text; OCR (unverified) inspection 2021-01-17 + 5 years (interval not found): 2026-01-17"
2406742000013412582,"Flat 37, Catterick House, Cottenham Road, S65 1LD",zoho,"37 Catterick House EICR, 16.1.26.pdf",EICR,,2026-01-16,"OCR: Apartment 37 Catterick House Rotherham S65 1LD Description of premises: Domestic N/A Commercial N/A Industrial N/A Other, please specify: N/",no,low,"attached to Zoho 2023-03-13; scanned, no text; OCR (unverified) inspection 2021-01-16 + 5 years (interval not found): 2026-01-16"
2406742000013412582,"Flat 37, Catterick House, Cottenham Road, S65 1LD",zoho,EICR - Flat 37 Catt 17-03-2030.pdf,EICR,,2030-03-17,"OCR: 37 Catterick House, Cottenham Road , Rotherham, S65 1LD Email: N/A B. REASON FOR PRODUCING THIS REPORT Landlord electrical safety report Dat",no,low,"attached to Zoho 2025-04-07; scanned, no text; OCR (unverified) next inspection date: 2030-03-18"
2406742000013412582,"Flat 37, Catterick House, Cottenham Road, S65 1LD",zoho,EICR Flat 37 Catt 19-03-2030.pdf,EICR,,2030-03-19,"OCR: 37 Catterick House, Cottenham Road, Rotherham, S65 1LD Email: N/A B. REASON FOR PRODUCING THIS REPORT Landlord electrical safety report Date",no,low,"attached to Zoho 2026-04-09; scanned, no text; OCR (unverified) next inspection date: 2030-03-19"
2406742000013412582,"Flat 37, Catterick House, Cottenham Road, S65 1LD",zoho,"37 Catterick House, S65 - EPC.pdf",EPC,2029-09-11,,"37 Catterick House, Cottenham Road, ROTHERHAM, S65 1LD",yes,high,attached to Zoho 2019-09-26; date of certificate 2019-09-12 + 10 years - 1 day (gov.uk convention)
2406742000013412582,"Flat 37, Catterick House, Cottenham Road, S65 1LD",zoho,37 Catterick house Electric certificate.pdf,electrical,,,,no,low,"attached to Zoho 2019-11-01; text layer is the blank NICEIC form template (sample data), real certificate is an image; scanned, no text"
2406742000013412582,"Flat 37, Catterick House, Cottenham Road, S65 1LD",zoho,Catterick Property license .pdf,licence,,,"OCR: ng Team Rotherham Community Safety and Street Scene Riverside House, Main Street, Rotherham, S60 1AE",no,low,"attached to Zoho 2020-04-17; scanned, no text"
2406742000013412582,"Flat 37, Catterick House, Cottenham Road, S65 1LD",zoho,Catterick Property License Exp 2025.html,licence,2025-04-30,,"ION LICENCE No. [ 052217 ] OF PROPERTY Catterick House, Cottenham Road, Eastwood, Rotherham, S65 1LD",yes,medium,"attached to Zoho 2023-09-21; expiry date; document address reads as Catterick House Main, Cottenham Road, Rotherham, S65 1LD (same building, unit not confirmed); address in document not confirmed"
2406742000013412504,"Flat 38, Catterick House, Cottenham Road, S65 1LD",zoho,38 Catterick House-EICR.pdf,EIC,,,OCR: address Appartment 38 Catterick House Beaucatt Homes Rotherham 389 High Rd Leyton Postcode: E10 Postcode: S65 ILD DETAILS OF THE INSTALLATIO,no,low,"attached to Zoho 2021-03-06; scanned, no text; OCR (unverified) inspection 2021-01-17 + 5 years (interval not found): 2026-01-17"
2406742000013412504,"Flat 38, Catterick House, Cottenham Road, S65 1LD",zoho,"38 Catterick House EICR, 16.1.26.pdf",EICR,,2026-01-16,"OCR: Apartment 38 Catterick House Rotherham S65 1LD Description of premises: Domestic N/A Commercial N/A Industrial N/A Other, please specify: N/",no,low,"attached to Zoho 2023-03-13; scanned, no text; OCR (unverified) inspection 2021-01-16 + 5 years (interval not found): 2026-01-16"
2406742000013412504,"Flat 38, Catterick House, Cottenham Road, S65 1LD",zoho,EICR - Flat 38 Catt 17-03-2030.pdf,EICR,,2030-03-17,"OCR: 38 Catterick House, Cottenham Road, Rotherham, S65 1LD Email: N/A B. REASON FOR PRODUCING THIS REPORT Landlord electrical safety report Date",no,low,"attached to Zoho 2025-04-07; scanned, no text; OCR (unverified) next inspection date: 2030-03-18"
2406742000013412504,"Flat 38, Catterick House, Cottenham Road, S65 1LD",zoho,EICR Flat 38 Catt 19-03-2030.pdf,EICR,,2030-03-19,"OCR: 38 Catterick House , Cottenham Road , Rotherham, S65 1LD Email: N/A B. REASON FOR PRODUCING THIS REPORT Landlord electrical safety report Da",no,low,"attached to Zoho 2026-04-09; scanned, no text; OCR (unverified) next inspection date: 2030-03-19"
2406742000013412504,"Flat 38, Catterick House, Cottenham Road, S65 1LD",zoho,"38 Catterick House, EPC.pdf",EPC,2028-05-28,,"38 Catterick House, Cottenham Road, ROTHERHAM, S65 1LD",yes,high,attached to Zoho 2019-09-12; date of certificate 2018-05-29 + 10 years - 1 day (gov.uk convention)
2406742000013412504,"Flat 38, Catterick House, Cottenham Road, S65 1LD",zoho,38 catterick house Electric certificate.pdf,electrical,,,,no,low,"attached to Zoho 2019-11-01; text layer is the blank NICEIC form template (sample data), real certificate is an image; scanned, no text"
2406742000013412504,"Flat 38, Catterick House, Cottenham Road, S65 1LD",zoho,Catterick Property license .pdf,licence,,,"OCR: ng Team Rotherham Community Safety and Street Scene Riverside House, Main Street, Rotherham, S60 1AE",no,low,"attached to Zoho 2020-04-17; scanned, no text"
2406742000013412504,"Flat 38, Catterick House, Cottenham Road, S65 1LD",zoho,Catterick Property License Exp 2025.html,licence,2025-04-30,,"ION LICENCE No. [ 052217 ] OF PROPERTY Catterick House, Cottenham Road, Eastwood, Rotherham, S65 1LD",yes,medium,"attached to Zoho 2023-09-21; expiry date; document address reads as Catterick House Main, Cottenham Road, Rotherham, S65 1LD (same building, unit not confirmed); address in document not confirmed"
2406742000013428004,"Flat 39, Catterick House, Cottenham Road, S65 1LD",zoho,EICR - Flat 39 Catt 17-03-2030.pdf,EICR,,2030-03-17,"OCR: 39 Catterick House, Cottenham Road, Rotherham, S65 1LD Email: N/A B. REASON FOR PRODUCING THIS REPORT Landlord electrical safety report Date",no,low,"attached to Zoho 2025-04-07; scanned, no text; OCR (unverified) next inspection date: 2030-03-18"
2406742000013428004,"Flat 39, Catterick House, Cottenham Road, S65 1LD",zoho,EICR Flat 39 Catt 18-03-2030.pdf,EICR,,2030-03-18,"OCR: 39 Catterick House, Cottenham Road , Rotherham, S65 1LD Email: N/A B. REASON FOR PRODUCING THIS REPORT Landlord electrical safety report Dat",no,low,"attached to Zoho 2026-04-09; scanned, no text; OCR (unverified) next inspection date: 2030-03-18"
2406742000013428004,"Flat 39, Catterick House, Cottenham Road, S65 1LD",zoho,Flat 39 Catterick House EICR.pdf,EICR,,,"OCR: Apartment 39, Catterick House, Rotherham, S65 1LD Email: N/A N/A Date(s) inspection and testing carried out: 24/03/2021 Occupier: N/A Addres",no,low,"attached to Zoho 2021-05-29; scanned, no text; OCR (unverified) next inspection date: 2026-03-24"
2406742000013428004,"Flat 39, Catterick House, Cottenham Road, S65 1LD",zoho,39-Cattrick House-EPC.pdf,EPC,2018-09-16,,39 Catterick House,yes,high,attached to Zoho 2019-09-12; date of certificate 2008-09-17 + 10 years - 1 day (gov.uk convention)
2406742000013428004,"Flat 39, Catterick House, Cottenham Road, S65 1LD",zoho,39 Catterick House EPC.pdf,EPC,2029-09-11,,"39 Catterick House, Cottenham Road, ROTHERHAM, S65 1LD",yes,high,attached to Zoho 2019-09-18; date of certificate 2019-09-12 + 10 years - 1 day (gov.uk convention)
2406742000013428004,"Flat 39, Catterick House, Cottenham Road, S65 1LD",zoho,39 catterick house Electric certificate.pdf,electrical,,,,no,low,"attached to Zoho 2019-11-01; text layer is the blank NICEIC form template (sample data), real certificate is an image; scanned, no text"
2406742000013428004,"Flat 39, Catterick House, Cottenham Road, S65 1LD",zoho,Catterick Property license .pdf,licence,,,"OCR: ng Team Rotherham Community Safety and Street Scene Riverside House, Main Street, Rotherham, S60 1AE",no,low,"attached to Zoho 2020-04-17; scanned, no text"
2406742000013428004,"Flat 39, Catterick House, Cottenham Road, S65 1LD",zoho,Catterick Property License Exp 2025.html,licence,2025-04-30,,"ION LICENCE No. [ 052217 ] OF PROPERTY Catterick House, Cottenham Road, Eastwood, Rotherham, S65 1LD",yes,medium,"attached to Zoho 2023-09-21; expiry date; document address reads as Catterick House Main, Cottenham Road, Rotherham, S65 1LD (same building, unit not confirmed); address in document not confirmed"
2406742000024062434,"Flat 4, 35 Lord Street, Blackpool, FY1 2BD",zoho,4 Lord Street Electric certificates.pdf,EICR,,,"OCR: Flat 4 35 Lord Street Blackpool FY1 2BD Description of premises: Domestic N/A Commercial N/A Industrial N/A Other, please specify: Estimated",no,low,"attached to Zoho 2021-03-18; scanned, no text; OCR (unverified) next inspection date: 2021-01-20"
2406742000024062434,"Flat 4, 35 Lord Street, Blackpool, FY1 2BD",zoho,Flat 4 Lord st EICR 23-09-30.pdf,EICR,,2030-09-23,"OCR: Fla4 35 Lord Street, , Blackpool, FY1 2BD Email: N/A B. REASON FOR PRODUCING THIS REPORT Landlord electrical safety report Date(s) inspectio",no,low,"attached to Zoho 2025-09-24; scanned, no text; OCR (unverified) next inspection date: 2030-09-23"
2406742000024062434,"Flat 4, 35 Lord Street, Blackpool, FY1 2BD",zoho,"Flat 4, 35 Lord Street - EICR 22 Oct 2029.pdf",EICR,,2029-10-22,"OCR: Flat 4, 35 Lord Street, Blackpool, FY1 2BD Email: N/A B. REASON FOR PRODUCING THIS REPORT Landlord electrical safety report Date(s) inspecti",no,low,"attached to Zoho 2024-10-22; scanned, no text; OCR (unverified) inspection 2024-10-18 + 5 years (interval not found): 2029-10-18"
2406742000024062434,"Flat 4, 35 Lord Street, Blackpool, FY1 2BD",drive,"2024-08-01__gmail__Flat 4, 35 Lord street EPC.pdf",EPC,2029-03-05,,"Flat 4, 35, Lord Street, BLACKPOOL, FY1 2BD",yes,high,"email date 2024-08-01; matched by filename (high: street:1.0,flat,housenum); date of certificate 2019-03-06 + 10 years - 1 day (gov.uk convention)"
2406742000024062434,"Flat 4, 35 Lord Street, Blackpool, FY1 2BD",zoho,"Flat 4, 35 Lord street EPC.pdf",EPC,2029-03-05,,"Flat 4, 35, Lord Street, BLACKPOOL, FY1 2BD",yes,high,attached to Zoho 2020-06-26; date of certificate 2019-03-06 + 10 years - 1 day (gov.uk convention)
2406742000013464054,"Flat 4, Catterick House, Cottenham Road, S65 1LD",zoho,Catt 4 - EICR 17-3-2030.pdf,EICR,,2030-03-17,"OCR: 4 Catterick House , Cottenham Road , Rotherham, S65 1LD Email: N/A B. REASON FOR PRODUCING THIS REPORT Landlord electrical safety report Dat",no,low,"attached to Zoho 2025-06-20; scanned, no text; OCR (unverified) next inspection date: 2030-03-17"
2406742000013464054,"Flat 4, Catterick House, Cottenham Road, S65 1LD",zoho,Flat 4 Catterick House EICR.pdf,EICR,,,"OCR: Apartment 4, Catterick House, Rotherham, S65 1LD Email: N/A N/A Date(s) inspection and testing carried out: 24/03/2021 Occupier: N/A Address",no,low,"attached to Zoho 2021-05-29; scanned, no text; OCR (unverified) next inspection date: 2026-03-24"
2406742000013464054,"Flat 4, Catterick House, Cottenham Road, S65 1LD",zoho,4 Catterick EPC.pdf,EPC,2024-06-08,,"4 Catterick House, Cottenham Road, ROTHERHAM, S65 1LD",yes,high,attached to Zoho 2020-04-08; date of certificate 2014-06-09 + 10 years - 1 day (gov.uk convention)
2406742000013464054,"Flat 4, Catterick House, Cottenham Road, S65 1LD",zoho,4 Catterick House EPC.pdf,EPC,2024-06-08,,"4 Catterick House, Cottenham Road, ROTHERHAM, S65 1LD",yes,high,attached to Zoho 2019-09-12; date of certificate 2014-06-09 + 10 years - 1 day (gov.uk convention)
2406742000013464054,"Flat 4, Catterick House, Cottenham Road, S65 1LD",zoho,Flat 4 Catterick House - EPC.pdf,EPC,2034-08-20,,4 Catterick House Cottenham Road ROTHERHAM S65 1LD,yes,high,attached to Zoho 2026-02-13; valid until
2406742000013464054,"Flat 4, Catterick House, Cottenham Road, S65 1LD",zoho,4 catterick house Electric certificate.pdf,electrical,,,,no,low,"attached to Zoho 2019-11-01; text layer is the blank NICEIC form template (sample data), real certificate is an image; scanned, no text"
2406742000013464054,"Flat 4, Catterick House, Cottenham Road, S65 1LD",zoho,Catterick Property license .pdf,licence,,,"OCR: ng Team Rotherham Community Safety and Street Scene Riverside House, Main Street, Rotherham, S60 1AE",no,low,"attached to Zoho 2020-04-17; scanned, no text"
2406742000013464054,"Flat 4, Catterick House, Cottenham Road, S65 1LD",zoho,Catterick Property License Exp 2025.html,licence,2025-04-30,,"ION LICENCE No. [ 052217 ] OF PROPERTY Catterick House, Cottenham Road, Eastwood, Rotherham, S65 1LD",yes,medium,"attached to Zoho 2023-09-19; expiry date; document address reads as Catterick House Main, Cottenham Road, Rotherham, S65 1LD (same building, unit not confirmed); address in document not confirmed"
2406742000016528001,"Flat 40, Catterick House, Cottenham Road, S65 1LD",zoho,"40 Catterick House EICR, 16.1.26.pdf",EICR,,2026-01-16,"OCR: Apartment 40 Catterick House Rotherham S65 1LD Description of premises: Domestic N/A Commercial N/A Industrial N/A Other, please specify: N/",no,low,"attached to Zoho 2023-03-13; scanned, no text; OCR (unverified) inspection 2021-01-16 + 5 years (interval not found): 2026-01-16"
2406742000016528001,"Flat 40, Catterick House, Cottenham Road, S65 1LD",zoho,EICR - Flat 40 Catt 17-03-2030.pdf,EICR,,2030-03-17,"OCR: 40 Catterick House , Cottenham Road , Rotherham, S65 1LD Email: N/A B. REASON FOR PRODUCING THIS REPORT Landlord electrical safety report Da",no,low,"attached to Zoho 2025-04-07; scanned, no text; OCR (unverified) next inspection date: 2030-03-18"
2406742000016528001,"Flat 40, Catterick House, Cottenham Road, S65 1LD",zoho,EICR Flat 40 Catt 18-03-2030.pdf,EICR,,2030-03-18,"OCR: 40 Catterick House , Cottenham Road , Rotherham, S65 1LD Email: N/A B. REASON FOR PRODUCING THIS REPORT Landlord electrical safety report Da",no,low,"attached to Zoho 2026-04-09; scanned, no text; OCR (unverified) next inspection date: 2030-03-18"
2406742000016528001,"Flat 40, Catterick House, Cottenham Road, S65 1LD",zoho,Flat 40 Catterick house EICR.pdf,EICR,,,"OCR: Apartment 40, Catterick House, Rotherham , S65 1LD Email: N/A N/A Date(s) inspection and testing carried out: 24/03/2021 Occupier: N/A Addre",no,low,"attached to Zoho 2021-05-29; scanned, no text; OCR (unverified) next inspection date: 2026-03-24"
2406742000016528001,"Flat 40, Catterick House, Cottenham Road, S65 1LD",zoho,40 Catterick Road EPC.pdf,EPC,2028-04-11,,"40 Catterick House, Cottenham Road, ROTHERHAM, S65 1LD",yes,high,attached to Zoho 2019-09-13; date of certificate 2018-04-12 + 10 years - 1 day (gov.uk convention)
2406742000016528001,"Flat 40, Catterick House, Cottenham Road, S65 1LD",zoho,40 catterick house Electric certificate.pdf,electrical,,,,no,low,"attached to Zoho 2019-11-01; text layer is the blank NICEIC form template (sample data), real certificate is an image; scanned, no text"
2406742000016528001,"Flat 40, Catterick House, Cottenham Road, S65 1LD",zoho,Catterick Property License Exp 2025.html,licence,2025-04-30,,"ION LICENCE No. [ 052217 ] OF PROPERTY Catterick House, Cottenham Road, Eastwood, Rotherham, S65 1LD",yes,medium,"attached to Zoho 2023-09-21; expiry date; document address reads as Catterick House Main, Cottenham Road, Rotherham, S65 1LD (same building, unit not confirmed); address in document not confirmed"
2406742000018547001,"Flat 41, Catterick House, Cottenham Road, S65 1LD",zoho,41 Catterick House-EICR.pdf,EIC,,,OCR: address Appartment 41 Catterick House Beaucatt Homes Rotherham 389 High Rd Leyton Postcode: E10 Postcode: S65 ILD DETAILS OF THE INSTALLATIO,no,low,"attached to Zoho 2021-03-06; scanned, no text; OCR (unverified) inspection 2021-01-17 + 5 years (interval not found): 2026-01-17"
2406742000018547001,"Flat 41, Catterick House, Cottenham Road, S65 1LD",zoho,41 Catterick EICR 18-3-2030.pdf,EICR,,2030-03-18,"OCR: 41 Catterick House, Cottenham Road , Rotherham, S65 1LD Email: N/A B. REASON FOR PRODUCING THIS REPORT Landlord electrical safety report Dat",no,low,"attached to Zoho 2025-03-20; scanned, no text; OCR (unverified) next inspection date: 2030-03-18"
2406742000018547001,"Flat 41, Catterick House, Cottenham Road, S65 1LD",zoho,EICR Flat 41 Catt 18-03-2030.pdf,EICR,,2030-03-18,"OCR: 41 Catterick House, Cottenham Road , Rotherham, S65 1LD Email: N/A B. REASON FOR PRODUCING THIS REPORT Landlord electrical safety report Dat",no,low,"attached to Zoho 2026-04-09; scanned, no text; OCR (unverified) next inspection date: 2030-03-18"
2406742000018547001,"Flat 41, Catterick House, Cottenham Road, S65 1LD",zoho,41  Cattrick House EPC.pdf,EPC,2029-11-06,,"41 Catterick House, Cottenham Road, ROTHERHAM, S65 1LD",yes,high,attached to Zoho 2019-11-11; date of certificate 2019-11-07 + 10 years - 1 day (gov.uk convention)
2406742000018547001,"Flat 41, Catterick House, Cottenham Road, S65 1LD",zoho,41 Catterick house Electric sertificate.pdf,electrical,,,,no,low,"attached to Zoho 2019-11-11; text layer is the blank NICEIC form template (sample data), real certificate is an image; scanned, no text"
2406742000018547001,"Flat 41, Catterick House, Cottenham Road, S65 1LD",zoho,Catterick Property license .pdf,licence,,,"OCR: ng Team Rotherham Community Safety and Street Scene Riverside House, Main Street, Rotherham, S60 1AE",no,low,"attached to Zoho 2020-04-17; scanned, no text"
2406742000018547001,"Flat 41, Catterick House, Cottenham Road, S65 1LD",zoho,Catterick Property license .pdf,licence,,,"OCR: ng Team Rotherham Community Safety and Street Scene Riverside House, Main Street, Rotherham, S60 1AE",no,low,"attached to Zoho 2020-04-17; scanned, no text"
2406742000018547001,"Flat 41, Catterick House, Cottenham Road, S65 1LD",zoho,Catterick Property License Exp 2025.html,licence,2025-04-30,,"ION LICENCE No. [ 052217 ] OF PROPERTY Catterick House, Cottenham Road, Eastwood, Rotherham, S65 1LD",yes,medium,"attached to Zoho 2023-09-21; expiry date; document address reads as Catterick House Main, Cottenham Road, Rotherham, S65 1LD (same building, unit not confirmed); address in document not confirmed"
2406742000018547036,"Flat 42, Catterick House, Cottenham Road, S65 1LD",zoho,EICR - Flat 42Catt 17-03-2030.pdf,EICR,,2030-03-17,"OCR: 42 Catterick House , Cottenham Road , Rotherham, S65 1LD Email: N/A B. REASON FOR PRODUCING THIS REPORT Landlord electrical safety report Da",no,low,"attached to Zoho 2025-04-07; scanned, no text; OCR (unverified) next inspection date: 2030-03-18"
2406742000018547036,"Flat 42, Catterick House, Cottenham Road, S65 1LD",zoho,EICR Flat 42 Catt 18-03-2030.pdf,EICR,,2030-03-18,"OCR: 42 Catterick House , Cottenham Road , Rotherham, S65 1LD Email: N/A B. REASON FOR PRODUCING THIS REPORT Landlord electrical safety report Da",no,low,"attached to Zoho 2026-04-09; scanned, no text; OCR (unverified) next inspection date: 2030-03-18"
2406742000018547036,"Flat 42, Catterick House, Cottenham Road, S65 1LD",zoho,Flat 42 Catterick House EICR.pdf,EICR,,,"OCR: Apartment 42, Catterick House, Rotherham , S65 1LD Email: N/A N/A Date(s) inspection and testing carried out: 24/03/2021 Occupier: N/A Addre",no,low,"attached to Zoho 2021-05-29; scanned, no text; OCR (unverified) next inspection date: 2026-03-24"
2406742000018547036,"Flat 42, Catterick House, Cottenham Road, S65 1LD",zoho,42 Cattrick House EPC.pdf,EPC,2029-11-07,,"42 Catterick House, Cottenham Road, ROTHERHAM, S65 1LD",yes,high,attached to Zoho 2019-11-11; date of certificate 2019-11-08 + 10 years - 1 day (gov.uk convention)
2406742000018547036,"Flat 42, Catterick House, Cottenham Road, S65 1LD",zoho,42 Cattrick house Electric certificate.pdf,electrical,,,,no,low,"attached to Zoho 2019-11-11; text layer is the blank NICEIC form template (sample data), real certificate is an image; scanned, no text"
2406742000018547036,"Flat 42, Catterick House, Cottenham Road, S65 1LD",zoho,Catterick Property license .pdf,licence,,,"OCR: ng Team Rotherham Community Safety and Street Scene Riverside House, Main Street, Rotherham, S60 1AE",no,low,"attached to Zoho 2020-04-17; scanned, no text"
2406742000018547036,"Flat 42, Catterick House, Cottenham Road, S65 1LD",zoho,Catterick Property License Exp 2025.html,licence,2025-04-30,,"ION LICENCE No. [ 052217 ] OF PROPERTY Catterick House, Cottenham Road, Eastwood, Rotherham, S65 1LD",yes,medium,"attached to Zoho 2023-09-21; expiry date; document address reads as Catterick House Main, Cottenham Road, Rotherham, S65 1LD (same building, unit not confirmed); address in document not confirmed"
2406742000014725001,"Flat 5, 3 Bedford Place, Croydon CR0 2BS",zoho,Flat 5 - 3bedford EICR 14-4-2030.pdf,EICR,,2030-04-14,"OCR: Postcode: ts and the LWe further RECOMMEND, subject to the necessary remedial action being taken, that the installation is inspected and tes",no,low,"attached to Zoho 2025-04-22; scanned, no text; OCR (unverified) next inspection date: 2030-04-04"
2406742000014725001,"Flat 5, 3 Bedford Place, Croydon CR0 2BS",drive,"2020-09-14__icloud__F5, 3 Baedford Place EPC.pdf",EPC,2029-05-14,,"Flat 5, 3, Bedford Place, CROYDON, CR0 2BS",yes,high,"email date 2020-09-14; matched by filename (high: street:0.85,flat,housenum); date of certificate 2019-05-15 + 10 years - 1 day (gov.uk convention)"
2406742000014725001,"Flat 5, 3 Bedford Place, Croydon CR0 2BS",zoho,"F5, 3 Baedford Place EPC.pdf",EPC,2029-05-14,,"Flat 5, 3, Bedford Place, CROYDON, CR0 2BS",yes,high,attached to Zoho 2020-03-25; date of certificate 2019-05-15 + 10 years - 1 day (gov.uk convention)
2406742000024062445,"Flat 5, 35 Lord Street, Blackpool, FY1 2BD",zoho,5 Lord Street Electric certificate.pdf,EICR,,,"OCR: Flat 5 35 Lord Street Blackpool FY1 2BD Description of premises: Domestic N/A Commercial N/A Industrial N/A Other, please specify: Estimated",no,low,"attached to Zoho 2021-03-18; scanned, no text; OCR (unverified) next inspection date: 2026-01-30"
2406742000024062445,"Flat 5, 35 Lord Street, Blackpool, FY1 2BD",zoho,Flat 5 Lord st EICR 23-09-30.pdf,EICR,,2030-09-23,"OCR: Flat 5 35 Lord Street,, Blackpool, FY1 2BD Email: N/A B. REASON FOR PRODUCING THIS REPORT Landlord electrical safety report Date(s) inspecti",no,low,"attached to Zoho 2025-09-24; scanned, no text; OCR (unverified) next inspection date: 2030-09-23"
2406742000024062445,"Flat 5, 35 Lord Street, Blackpool, FY1 2BD",zoho,"Flat 5, 35 Lord street EPC.pdf",EPC,2024-01-27,,"Flat 5, 35, Lord Street, BLACKPOOL, FY1 2BD",yes,high,attached to Zoho 2020-06-26; date of certificate 2014-01-28 + 10 years - 1 day (gov.uk convention)
2406742000024062445,"Flat 5, 35 Lord Street, Blackpool, FY1 2BD",zoho,EPC - Flat 5 Lord Street 7.04.34.pdf,EPC,2034-04-07,2034-04-07,Flat 5 35 Lord Street BLACKPOOL FY1 2BD,yes,high,attached to Zoho 2024-04-08; valid until
2406742000016482001,"Flat 5, Catterick House, Cottenham Road, S65 1LD",zoho,5 Catterick House-EICR.pdf,EIC,,,OCR: address Appartment 5 Catterick House Beaucatt Homes Rotherham 389 High Rd Leyton Postcode: E10 Postcode: S65 ILD DETAILS OF THE INSTALLATION,no,low,"attached to Zoho 2021-03-08; scanned, no text; OCR (unverified) inspection 2021-01-17 + 5 years (interval not found): 2026-01-17"
2406742000016482001,"Flat 5, Catterick House, Cottenham Road, S65 1LD",zoho,EICR - Flat 5 Catt 17-03-2030.pdf,EICR,,2030-03-17,"OCR: 5 Catterick House, Cottenham Road, Rotherham, S65 1LD Email: N/A B. REASON FOR PRODUCING THIS REPORT Landlord electrical safety report Date(",no,low,"attached to Zoho 2025-04-08; scanned, no text; OCR (unverified) next inspection date: 2030-03-17"
2406742000016482001,"Flat 5, Catterick House, Cottenham Road, S65 1LD",zoho,EICR Flat 5 Catt 25-03-2030.pdf,EICR,,2030-03-25,"OCR: 5 Catterick House Cottenham Road Rotherham S65 1LD Description of premises: Domestic N/A Commercial N/A Industrial N/A Other, please specify",no,low,"attached to Zoho 2026-04-09; scanned, no text; OCR (unverified) next inspection date: 2030-03-25"
2406742000016482001,"Flat 5, Catterick House, Cottenham Road, S65 1LD",zoho,5 Catterick EPC.pdf,EPC,2029-09-10,,"5 Catterick House, Cottenham Road, ROTHERHAM, S65 1LD",yes,high,attached to Zoho 2020-04-08; date of certificate 2019-09-11 + 10 years - 1 day (gov.uk convention)
2406742000016482001,"Flat 5, Catterick House, Cottenham Road, S65 1LD",zoho,5 Catterick House - EPC.pdf,EPC,2029-09-10,,"5 Catterick House, Cottenham Road, ROTHERHAM, S65 1LD",yes,high,attached to Zoho 2019-09-12; date of certificate 2019-09-11 + 10 years - 1 day (gov.uk convention)
2406742000016482001,"Flat 5, Catterick House, Cottenham Road, S65 1LD",zoho,5 catterick house Electric certificate.pdf,electrical,,,,no,low,"attached to Zoho 2019-11-01; text layer is the blank NICEIC form template (sample data), real certificate is an image; scanned, no text"
2406742000016482001,"Flat 5, Catterick House, Cottenham Road, S65 1LD",zoho,Catterick Property license .pdf,licence,,,"OCR: ng Team Rotherham Community Safety and Street Scene Riverside House, Main Street, Rotherham, S60 1AE",no,low,"attached to Zoho 2020-04-17; scanned, no text"
2406742000024062456,"Flat 6, 35 Lord Street, Blackpool, FY1 2BD",zoho,6 Lord Street electric certificate.pdf,EICR,,,"OCR: Flat 6 35 Lord Street Blackpool FY1 2BD Description of premises: Domestic N/A Commercial N/A Industrial N/A Other, please specify: Estimated",no,low,"attached to Zoho 2020-12-01; scanned, no text; OCR (unverified) next inspection date: 2025-11-17"
2406742000024062456,"Flat 6, 35 Lord Street, Blackpool, FY1 2BD",zoho,Flat 6 Lord st EICR 23-09-30.pdf,EICR,,2030-09-23,"OCR: Flat6 35 Lord street, , Blackpool, FY1 2BD Email: N/A B. REASON FOR PRODUCING THIS REPORT Landlord electrical safety report Date(s) inspecti",no,low,"attached to Zoho 2025-09-24; scanned, no text; OCR (unverified) next inspection date: 2030-09-23"
2406742000024062456,"Flat 6, 35 Lord Street, Blackpool, FY1 2BD",zoho,"Flat 6, 35 Lord street EPC.pdf",EPC,2024-01-27,,"Flat 6, 35, Lord Street, BLACKPOOL, FY1 2BD",yes,high,attached to Zoho 2020-06-26; date of certificate 2014-01-28 + 10 years - 1 day (gov.uk convention)
2406742000024062456,"Flat 6, 35 Lord Street, Blackpool, FY1 2BD",zoho,"Flat 6, 35 Lord Street EPC.pdf",EPC,2034-01-30,,Flat 6 35 Lord Street BLACKPOOL FY1 2BD,yes,high,attached to Zoho 2024-01-31; valid until
2406742000013437982,"Flat 6, Catterick House, Cottenham Road, S65 1LD",zoho,6 Catterick House-EICR.pdf,EIC,,,OCR: address Appartment 6 Catterick House Beaucatt Homes Rotherham 389 High Rd Leyton Postcode: E10 Postcode: S65 ILD DETAILS OF THE INSTALLATION,no,low,"attached to Zoho 2021-03-08; scanned, no text; OCR (unverified) inspection 2021-01-17 + 5 years (interval not found): 2026-01-17"
2406742000013437982,"Flat 6, Catterick House, Cottenham Road, S65 1LD",zoho,"6 Catterick House EICR, 16.1.26.pdf",EICR,,2026-01-16,"OCR: Apartment 6 Catterick House Rotherham S65 1LD Description of premises: Domestic N/A Commercial N/A Industrial N/A Other, please specify: N/A",no,low,"attached to Zoho 2023-03-13; scanned, no text; OCR (unverified) inspection 2021-01-16 + 5 years (interval not found): 2026-01-16"
2406742000013437982,"Flat 6, Catterick House, Cottenham Road, S65 1LD",zoho,EICR - Flat 6 Catt 17-03-2030.pdf,EICR,,2030-03-17,"OCR: 6 Catterick House, Cottenham Road, Rotherham, S65 1LD Email: N/A B. REASON FOR PRODUCING THIS REPORT Landlord electrical safety report Date(",no,low,"attached to Zoho 2025-04-08; scanned, no text; OCR (unverified) next inspection date: 2030-03-17"
2406742000013437982,"Flat 6, Catterick House, Cottenham Road, S65 1LD",zoho,EICR Flat 6 Catt 25-03-2030.pdf,EICR,,2030-03-25,"OCR: 6 Catterick House Cottenham Road Rotherham S65 1LD Description of premises: Domestic N/A Commercial N/A Industrial N/A Other, please specify",no,low,"attached to Zoho 2026-04-09; scanned, no text; OCR (unverified) next inspection date: 2030-03-25"
2406742000013437982,"Flat 6, Catterick House, Cottenham Road, S65 1LD",zoho,6 Catterick House - EPC.pdf,EPC,2029-09-10,,"6 Catterick House, Cottenham Road, ROTHERHAM, S65 1LD",yes,high,attached to Zoho 2019-09-12; date of certificate 2019-09-11 + 10 years - 1 day (gov.uk convention)
2406742000013437982,"Flat 6, Catterick House, Cottenham Road, S65 1LD",zoho,6 catterick house Electric certificate.pdf,electrical,,,,no,low,"attached to Zoho 2019-11-01; text layer is the blank NICEIC form template (sample data), real certificate is an image; scanned, no text"
2406742000013437982,"Flat 6, Catterick House, Cottenham Road, S65 1LD",zoho,Catterick Property license .pdf,licence,,,"OCR: ng Team Rotherham Community Safety and Street Scene Riverside House, Main Street, Rotherham, S60 1AE",no,low,"attached to Zoho 2020-04-17; scanned, no text"
2406742000013437982,"Flat 6, Catterick House, Cottenham Road, S65 1LD",zoho,Catterick Property License Exp 2025.html,licence,2025-04-30,,"ION LICENCE No. [ 052217 ] OF PROPERTY Catterick House, Cottenham Road, Eastwood, Rotherham, S65 1LD",yes,medium,"attached to Zoho 2023-09-19; expiry date; document address reads as Catterick House Main, Cottenham Road, Rotherham, S65 1LD (same building, unit not confirmed); address in document not confirmed"
2406742000024062467,"Flat 7, 35 Lord Street, Blackpool, FY1 2BD",zoho,7 Lord Dtreet electrice certificate.pdf,EICR,,,"OCR: Flat 7 35 Lord Street Blackpool FY1 2BD Description of premises: Domestic N/A Commercial N/A Industrial N/A Other, please specify: Estimated",no,low,"attached to Zoho 2020-12-01; scanned, no text; OCR (unverified) next inspection date: 2025-11-17"
2406742000024062467,"Flat 7, 35 Lord Street, Blackpool, FY1 2BD",zoho,Flat 7 Lord st EICR 23-09-30.pdf,EICR,,2030-09-23,"OCR: Flat7 35 Lord street,, Blackpool, FY1 2BD Email: N/A B. REASON FOR PRODUCING THIS REPORT Landlord electrical safety report Date(s) inspectio",no,low,"attached to Zoho 2025-09-24; scanned, no text; OCR (unverified) next inspection date: 2030-09-23"
2406742000024062467,"Flat 7, 35 Lord Street, Blackpool, FY1 2BD",zoho,"Flat 7, 35 Lord street EPC.pdf",EPC,2029-03-12,,"Flat 7, 35, Lord Street, BLACKPOOL, FY1 2BD",yes,high,attached to Zoho 2020-06-26; date of certificate 2019-03-13 + 10 years - 1 day (gov.uk convention)
2406742000013437907,"Flat 7, Catterick House, Cottenham Road, S65 1LD",zoho,7 Catterick House-EICR.pdf,EIC,,,OCR: address Appartment 7 Catterick House Beaucatt Homes Rotherham 389 High Rd Leyton Postcode: E10 Postcode: S65 ILD DETAILS OF THE INSTALLATION,no,low,"attached to Zoho 2021-03-08; scanned, no text; OCR (unverified) inspection 2021-01-17 + 5 years (interval not found): 2026-01-17"
2406742000013437907,"Flat 7, Catterick House, Cottenham Road, S65 1LD",zoho,130881 Cottenham Road LE584) EICR Required FM 08-03-2021.pdf,EICR,,2021-03-08," (the Electrical Regulations) 7 Catterick House, Cottenham Road, Rotherham, South Yorkshire, S65 1LD",yes,low,attached to Zoho 2021-04-27; no key date found in text
2406742000013437907,"Flat 7, Catterick House, Cottenham Road, S65 1LD",zoho,EICR - Flat 7 Catt 17-03-2030.pdf,EICR,,2030-03-17,"OCR: 7 Catterick House, Cottenham Road , Rotherham, S65 1LD Email: N/A B. REASON FOR PRODUCING THIS REPORT Landlord electrical safety report Date",no,low,"attached to Zoho 2025-04-08; scanned, no text; OCR (unverified) next inspection date: 2030-03-17"
2406742000013437907,"Flat 7, Catterick House, Cottenham Road, S65 1LD",zoho,EICR Flat 7 Catt 25-03-2030.pdf,EICR,,2030-03-25,"OCR: 7 Catterick House Cottenham Road Rotherham S65 1LD Description of premises: Domestic N/A Commercial N/A Industrial N/A Other, please specify",no,low,"attached to Zoho 2026-04-09; scanned, no text; OCR (unverified) next inspection date: 2030-03-25"
2406742000013437907,"Flat 7, Catterick House, Cottenham Road, S65 1LD",zoho,7 Catterick House EPC.pdf,EPC,2027-02-01,,"7 Catterick House, Cottenham Road, ROTHERHAM, S65 1LD",yes,high,attached to Zoho 2019-09-12; date of certificate 2017-02-02 + 10 years - 1 day (gov.uk convention)
2406742000013437907,"Flat 7, Catterick House, Cottenham Road, S65 1LD",zoho,7 catterick house Electric certificate.pdf,electrical,,,,no,low,"attached to Zoho 2019-11-01; text layer is the blank NICEIC form template (sample data), real certificate is an image; scanned, no text"
2406742000013437907,"Flat 7, Catterick House, Cottenham Road, S65 1LD",zoho,Catterick Property license .pdf,licence,,,"OCR: ng Team Rotherham Community Safety and Street Scene Riverside House, Main Street, Rotherham, S60 1AE",no,low,"attached to Zoho 2020-04-17; scanned, no text"
2406742000024062478,"Flat 8, 35 Lord Street, Blackpool, FY1 2BD",zoho,Flat 8 35 Lord St EICR.pdf,EICR,,,"OCR: Flat 8 35 Lord Street Blackpool FY1 2BD Description of premises: Domestic N/A Commercial N/A Industrial N/A Other, please specify: Estimated",no,low,"attached to Zoho 2021-03-30; scanned, no text; OCR (unverified) next inspection date: 2025-11-17"
2406742000024062478,"Flat 8, 35 Lord Street, Blackpool, FY1 2BD",zoho,Flat 8 Lord st EICR 23-09-30.pdf,EICR,,2030-09-23,"OCR: Flat8 35 Lord street, , Blackpool, FY1 2BD Email: N/A B. REASON FOR PRODUCING THIS REPORT Landlord electrical safety report Date(s) inspecti",no,low,"attached to Zoho 2025-09-24; scanned, no text; OCR (unverified) next inspection date: 2030-09-23"
2406742000024062478,"Flat 8, 35 Lord Street, Blackpool, FY1 2BD",zoho,"Flat 8, 35 Lord street EPC.pdf",EPC,2029-03-12,,"Flat 8, 35, Lord Street, BLACKPOOL, FY1 2BD",yes,high,attached to Zoho 2020-06-26; date of certificate 2019-03-13 + 10 years - 1 day (gov.uk convention)
2406742000016482007,"Flat 8, Catterick House, Cottenham Road, S65 1LD",zoho,8 Catterick House-EICR.pdf,EIC,,,OCR: address Appartment 8 Catterick House Beaucatt Homes Rotherham 389 High Rd Leyton Postcode: E10 Postcode: S65 ILD DETAILS OF THE INSTALLATION,no,low,"attached to Zoho 2021-03-08; scanned, no text; OCR (unverified) inspection 2021-01-17 + 5 years (interval not found): 2026-01-17"
2406742000016482007,"Flat 8, Catterick House, Cottenham Road, S65 1LD",zoho,"8 Catterick House EICR, 16.1.26.pdf",EICR,,2026-01-16,"OCR: Apartment 8 Catterick House Rotherham S65 1LD Description of premises: Domestic N/A Commercial N/A Industrial N/A Other, please specify: N/A",no,low,"attached to Zoho 2023-03-13; scanned, no text; OCR (unverified) inspection 2021-01-16 + 5 years (interval not found): 2026-01-16"
2406742000016482007,"Flat 8, Catterick House, Cottenham Road, S65 1LD",zoho,EICR - Flat 8 Catt 17-03-2030.pdf,EICR,,2030-03-17,"OCR: 8 Catterick House, Cottenham Road , Rotherham, S65 1LD Email: N/A B. REASON FOR PRODUCING THIS REPORT Landlord electrical safety report Date",no,low,"attached to Zoho 2025-04-08; scanned, no text; OCR (unverified) next inspection date: 2030-03-17"
2406742000016482007,"Flat 8, Catterick House, Cottenham Road, S65 1LD",zoho,EICR Flat 8 Catt 25-03-2030.pdf,EICR,,2030-03-25,"OCR: 8 Catterick House Cottenham Road Rotherham S65 1LD Description of premises: Domestic N/A Commercial N/A Industrial N/A Other, please specify",no,low,"attached to Zoho 2026-04-09; scanned, no text; OCR (unverified) next inspection date: 2030-03-25"
2406742000016482007,"Flat 8, Catterick House, Cottenham Road, S65 1LD",zoho,8 Catterick House - EPC.pdf,EPC,2029-09-10,,"8 Catterick House, Cottenham Road, ROTHERHAM, S65 1LD",yes,high,attached to Zoho 2019-09-12; date of certificate 2019-09-11 + 10 years - 1 day (gov.uk convention)
2406742000016482007,"Flat 8, Catterick House, Cottenham Road, S65 1LD",zoho,8 catterick house Electric certificate.pdf,electrical,,,,no,low,"attached to Zoho 2019-11-01; text layer is the blank NICEIC form template (sample data), real certificate is an image; scanned, no text"
2406742000016482007,"Flat 8, Catterick House, Cottenham Road, S65 1LD",zoho,Catterick Property license .pdf,licence,,,"OCR: ng Team Rotherham Community Safety and Street Scene Riverside House, Main Street, Rotherham, S60 1AE",no,low,"attached to Zoho 2020-04-17; scanned, no text"
2406742000016482007,"Flat 8, Catterick House, Cottenham Road, S65 1LD",zoho,Catterick Property License Exp 2025.html,licence,2025-04-30,,"ION LICENCE No. [ 052217 ] OF PROPERTY Catterick House, Cottenham Road, Eastwood, Rotherham, S65 1LD",yes,medium,"attached to Zoho 2023-09-19; expiry date; document address reads as Catterick House Main, Cottenham Road, Rotherham, S65 1LD (same building, unit not confirmed); address in document not confirmed"
2406742000024062489,"Flat 9, 35 Lord Street, Blackpool, FY1 2BD",zoho,Flat 9 Lord st EICR 23-09-30.pdf,EICR,,2030-09-23,"OCR: Flat9 35 Lord street, , Blackpool, FY1 2BD Email: N/A B. REASON FOR PRODUCING THIS REPORT Landlord electrical safety report Date(s) inspecti",no,low,"attached to Zoho 2025-09-24; scanned, no text; OCR (unverified) next inspection date: 2030-09-23"
2406742000024062489,"Flat 9, 35 Lord Street, Blackpool, FY1 2BD",zoho,Flat-9-35-Lord-St-Ammended-EICR_Ref71278091 (1).pdf,EICR,,,"OCR: Flat 9 35 Lord Street Blackpool FY1 2BD Description of premises: Domestic N/A Commercial N/A Industrial N/A Other, please specify: Estimated",no,low,"attached to Zoho 2021-03-23; scanned, no text; OCR (unverified) next inspection date: 2025-11-17"
2406742000024062489,"Flat 9, 35 Lord Street, Blackpool, FY1 2BD",zoho,"Flat 9, 35 Lord street EPC.pdf",EPC,2029-03-12,,"Flat 9, 35, Lord Street, BLACKPOOL, FY1 2BD",yes,high,attached to Zoho 2020-06-26; date of certificate 2019-03-13 + 10 years - 1 day (gov.uk convention)
2406742000013437835,"Flat 9, Catterick House, Cottenham Road, S65 1LD",zoho,9 Catterick House-EICR.pdf,EIC,,,OCR: address Appartment 9 Catterick House Beaucatt Homes Rotherham 389 High Rd Leyton Postcode: E10 Postcode: S65 ILD DETAILS OF THE INSTALLATION,no,low,"attached to Zoho 2021-03-08; scanned, no text; OCR (unverified) inspection 2021-01-17 + 5 years (interval not found): 2026-01-17"
2406742000013437835,"Flat 9, Catterick House, Cottenham Road, S65 1LD",zoho,"9 Catterick House EICR, 16.1.26.pdf",EICR,,2026-01-16,"OCR: Apartment 9 Catterick House Rotherham S65 1LD Description of premises: Domestic N/A Commercial N/A Industrial N/A Other, please specify: N/A",no,low,"attached to Zoho 2023-03-13; scanned, no text; OCR (unverified) inspection 2021-01-16 + 5 years (interval not found): 2026-01-16"
2406742000013437835,"Flat 9, Catterick House, Cottenham Road, S65 1LD",zoho,EICR - Flat 9 Catt 17-03-2030.pdf,EICR,,2030-03-17,"OCR: 9 Catterick House, Cottenham Road, Rotherham, S65 1LD Email: N/A B. REASON FOR PRODUCING THIS REPORT Landlord electrical safety report Date(",no,low,"attached to Zoho 2025-04-08; scanned, no text; OCR (unverified) next inspection date: 2030-03-17"
2406742000013437835,"Flat 9, Catterick House, Cottenham Road, S65 1LD",zoho,EICR Flat 9 Catt 24-03-2030.pdf,EICR,,2030-03-24,"OCR: 9 Catterick House Cottenham Road Rotherham S65 1LD Description of premises: Domestic N/A Commercial N/A Industrial N/A Other, please specify",no,low,"attached to Zoho 2026-04-09; scanned, no text; OCR (unverified) next inspection date: 2030-03-24"
2406742000013437835,"Flat 9, Catterick House, Cottenham Road, S65 1LD",zoho,energy label 359801.pdf,EPC,,,,no,low,"attached to Zoho 2025-08-29; scanned, no text"
2406742000013437835,"Flat 9, Catterick House, Cottenham Road, S65 1LD",zoho,9 Catterick House EPC.pdf,EPC,2028-04-11,,"9 Catterick House, Cottenham Road, ROTHERHAM, S65 1LD",yes,high,attached to Zoho 2019-09-12; date of certificate 2018-04-12 + 10 years - 1 day (gov.uk convention)
2406742000013437835,"Flat 9, Catterick House, Cottenham Road, S65 1LD",zoho,9 catterick house Electric certificate.pdf,electrical,,,,no,low,"attached to Zoho 2019-11-01; text layer is the blank NICEIC form template (sample data), real certificate is an image; scanned, no text"
2406742000013437835,"Flat 9, Catterick House, Cottenham Road, S65 1LD",zoho,Catterick Property license .pdf,licence,,,"OCR: ng Team Rotherham Community Safety and Street Scene Riverside House, Main Street, Rotherham, S60 1AE",no,low,"attached to Zoho 2020-04-17; scanned, no text"
2406742000013437835,"Flat 9, Catterick House, Cottenham Road, S65 1LD",zoho,Catterick Property License Exp 2025.html,licence,2025-04-30,,"ION LICENCE No. [ 052217 ] OF PROPERTY Catterick House, Cottenham Road, Eastwood, Rotherham, S65 1LD",yes,medium,"attached to Zoho 2023-09-19; expiry date; document address reads as Catterick House Main, Cottenham Road, Rotherham, S65 1LD (same building, unit not confirmed); address in document not confirmed"
2406742000008964327,"Flat A, Hollybush Lodge, 32 Grange Rd, E10 5JD",zoho,32A Hollybush Electric Certificate.pdf,EIC,,,,no,low,"attached to Zoho 2023-05-09; scanned, no text; OCR (unverified) inspection 2018-06-05 + 5 years (interval not found): 2023-06-05"
2406742000008964327,"Flat A, Hollybush Lodge, 32 Grange Rd, E10 5JD",zoho,Flat A Hollybush EICR 4-6-2028.pdf,EICR,,2028-06-04,"OCR: FLATA HOUYBUSH LUDCE Small installations up to 100 A single phase supply Date:... Tel No: 531381 Please see the ""Notes for Recipient Previou",no,low,"attached to Zoho 2023-06-21; scanned, no text; OCR (unverified) inspection 2023-06-04 + 5 years (interval not found): 2028-06-04"
2406742000008964327,"Flat A, Hollybush Lodge, 32 Grange Rd, E10 5JD",zoho,32A Hollybush EPC.pdf,EPC,,,"OCR: Hollybush Lodge, 32, Grange Road, LONDON, E10 5JD",no,low,"attached to Zoho 2019-06-12; scanned, no text; OCR (unverified) date of certificate 2016-05-11 + 10 years - 1 day (gov.uk convention): 2026-05-10"
2406742000008964327,"Flat A, Hollybush Lodge, 32 Grange Rd, E10 5JD",zoho,energy label 370839.pdf,EPC,,,,no,low,"attached to Zoho 2025-08-27; scanned, no text"
2406742000008964327,"Flat A, Hollybush Lodge, 32 Grange Rd, E10 5JD",zoho,32A Grnage Rd EPC.pdf,EPC,2026-05-10,,"Hollybush Lodge, 32, Grange Road, LONDON, E10 5JD",yes,medium,attached to Zoho 2020-03-25; date of certificate 2016-05-11 + 10 years - 1 day (gov.uk convention); address in document not confirmed
2406742000008964327,"Flat A, Hollybush Lodge, 32 Grange Rd, E10 5JD",zoho,"EPC Flat A, Hollybush Lodge 12-04-2032.pdf",EPC,2032-04-12,2032-04-12,32 Hollybush Lodge Grange Road LEYTON E10 5JD,yes,medium,attached to Zoho 2024-07-18; valid until; address in document not confirmed
2406742000008964327,"Flat A, Hollybush Lodge, 32 Grange Rd, E10 5JD",zoho,"Flat A, 32 Hollybush Lodge Gas Certificate.jpeg",gas,,,,no,low,"attached to Zoho 2022-01-06; image attachment, not downloaded"
2406742000008964327,"Flat A, Hollybush Lodge, 32 Grange Rd, E10 5JD",zoho,"Gas Cert Flat A, Hollybush Lodge 14-July-27.pdf",gas,,2027-07-14,OCR: oppers Outcome of gas installation pipework visual inspection? Business Ntm Puurbig and Heahy EI20AN,no,low,"attached to Zoho 2026-07-20; scanned, no text"
2406742000008964327,"Flat A, Hollybush Lodge, 32 Grange Rd, E10 5JD",zoho,Gas Certificate Flat A 32 Hollybush 09.01.2021.pdf,gas,,2021-01-09,,no,low,"attached to Zoho 2020-01-11; scanned, no text"
2406742000008964327,"Flat A, Hollybush Lodge, 32 Grange Rd, E10 5JD",zoho,"Gas cert for Flat A Hollybush Lodge, 19-07-2025.pdf",gas,,2025-07-19,OCR: kW/h or Btuh Pass/FaiVNA Yes/No Pass/Fail/NA Pass/Fai/NA (if applicable) Yes/No Yes/No Pass/Fail/NA Yes/No Name (Mr/Mrs/Miss/Ms) 1 24-2kN la,no,low,"attached to Zoho 2024-12-26; scanned, no text"
2406742000008964327,"Flat A, Hollybush Lodge, 32 Grange Rd, E10 5JD",zoho,"Gas cert for Flat A Hollybush Lodge, 19-07-2025.pdf",gas,,2025-07-19,OCR: kW/h or Btuh Pass/FaiVNA Yes/No Pass/Fail/NA Pass/Fai/NA (if applicable) Yes/No Yes/No Pass/Fail/NA Yes/No Name (Mr/Mrs/Miss/Ms) 1 24-2kN la,no,low,"attached to Zoho 2024-07-23; scanned, no text"
2406742000008964327,"Flat A, Hollybush Lodge, 32 Grange Rd, E10 5JD",zoho,"Gas cert for Flat A Hollybush Lodge, 32 Grange Road E10,30-Jul-2026.pdf",gas,,2026-07-30,,no,low,"attached to Zoho 2025-07-30; scanned, no text"
2406742000008964327,"Flat A, Hollybush Lodge, 32 Grange Rd, E10 5JD",zoho,"Gas cert, Flat A Hollybush Lodge, 32 Grange Road E10, 2024.pdf",gas,,,OCR: Name (Mr/Mrs/Miss/Ms) Name (Mr/Mrs/Miss/Ms) Outcome of gas tightness test? Number of Appliances tested Postcode El0 5JO Details of Registere,no,low,"attached to Zoho 2024-02-06; scanned, no text"
2406742000008964327,"Flat A, Hollybush Lodge, 32 Grange Rd, E10 5JD",zoho,gas cert 32A Hollybush.pdf,gas,,,OCR: -- page 1 --- 13840551 is protuctive equipotential bonding satisfactory? Report pages 1 of 2 IG1 3ED,no,low,"attached to Zoho 2019-06-12; scanned, no text; OCR (unverified) next check due: 2020-02-13"
2406742000008964327,"Flat A, Hollybush Lodge, 32 Grange Rd, E10 5JD",zoho,32a Hollybush Lodge Gas Cert 6.2.24.pdf,gas,2024-02-06,2024-02-06,Name: Damian Murry Address: Hollybush Lodge 32a Grange Road London Postcode: e105jd Contact Number: Appliance Details Location Type Manufact,yes,medium,"attached to Zoho 2023-02-08; next check due; document address reads as Flat B, Hollybush Lodge, 32 Grange Rd, E10 5JD (same building, unit not confirmed); address in document not confirmed"
2406742000008964327,"Flat A, Hollybush Lodge, 32 Grange Rd, E10 5JD",zoho,32 Hollybush Lodge Property License.png,licence,,,,no,low,"attached to Zoho 2024-11-13; image attachment, not downloaded"
2406742000008964327,"Flat A, Hollybush Lodge, 32 Grange Rd, E10 5JD",zoho,32a Hollybush Property License.pdf,licence,,,OCR: 32a Hollybush Lodge,no,low,"attached to Zoho 2020-01-10; scanned, no text; OCR (unverified) valid until: 2020-03-31"
2406742000008964327,"Flat A, Hollybush Lodge, 32 Grange Rd, E10 5JD",zoho,"Flat A, 32 Hollybush Lodge - Property Licence-application-WAL-365448165150.png",licence,,,,no,low,"attached to Zoho 2024-07-18; image attachment, not downloaded"
2406742000008964327,"Flat A, Hollybush Lodge, 32 Grange Rd, E10 5JD",zoho,property licence 2- 32A hollybush.pdf,licence,,,OCR: Granting of a Private Rented Property Licence Address: 32a Hollybush Lodge Grange Road Leyton London E10 5JD,no,low,"attached to Zoho 2019-06-12; scanned, no text"
2406742000008964327,"Flat A, Hollybush Lodge, 32 Grange Rd, E10 5JD",zoho,property licence 32A Hollybush.pdf,licence,,,OCR: 32a Hollybush Lodge,no,low,"attached to Zoho 2019-06-12; scanned, no text; OCR (unverified) valid until: 2020-03-31"
2406742000008964327,"Flat A, Hollybush Lodge, 32 Grange Rd, E10 5JD",zoho,Property License 32a Hollybush Lodge Grange Road E10 5JD.pdf,licence,2029-08-27,,"32a, Hollybush Lodge Grange Road London E10 5JD",yes,medium,"attached to Zoho 2024-08-28; expiry date; document address reads as Flat B, Hollybush Lodge, 32 Grange Rd, E10 5JD (same building, unit not confirmed); address in document not confirmed"
2406742000002188056,"Flat B, Hollybush Lodge, 32 Grange Rd, E10 5JD",zoho,32B Hollybush EICR.pdf,EICR,,,"OCR: Flat 32 B Hollybush Lodge London E10 Description of premises: Domestic N/A Commercial N/A Industrial N/A Other, please specify: N/A Estimate",no,low,"attached to Zoho 2023-01-10; scanned, no text; OCR (unverified) inspection 2021-01-16 + 5 years (interval not found): 2026-01-16"
2406742000002188056,"Flat B, Hollybush Lodge, 32 Grange Rd, E10 5JD",zoho,32B Hollybush electric certificate.pdf,EICR,,,OCR: nspection: available: Client: Address. Purpose for which required: this report Is --- page 2 --- Page2of. Delete as approptiate [Entar inter,no,low,"attached to Zoho 2019-06-20; scanned, no text"
2406742000002188056,"Flat B, Hollybush Lodge, 32 Grange Rd, E10 5JD",zoho,"Flat 2, Hollybush Lodge, E10 - Electric Certificate.pdf",EICR,,,"OCR: 32 13, Decupier: This report is not valid if the serial number has been defaced or altered Previous inspection report available: ( Sllane Sl",no,low,"attached to Zoho 2019-10-03; scanned, no text; OCR (unverified) inspection 2018-05-26 + 5 years (interval not found): 2023-05-26"
2406742000002188056,"Flat B, Hollybush Lodge, 32 Grange Rd, E10 5JD",zoho,32B Hollybush EPC.pdf,EPC,2029-01-28,,Date of certificate 3/17/2021 Energy performance certificate (EPC) - Find an energy certificate - GOV.UK https://find-energy-certificate.dig,yes,medium,"attached to Zoho 2021-03-17; valid until; document address reads as Flat B, Hollybush Lodge, 32 Grange Rd, E10 5JD (same building, unit not confirmed); address in document not confirmed"
2406742000002188056,"Flat B, Hollybush Lodge, 32 Grange Rd, E10 5JD",zoho,Flat 2 Hollybush Road 32B Hollybush EPC.pdf,EPC,2029-01-28,,"Hollybush Lodge, 32b, Grange Road, LONDON, E10 5JD",yes,medium,"attached to Zoho 2019-06-13; date of certificate 2019-01-29 + 10 years - 1 day (gov.uk convention); document address reads as Flat B, Hollybush Lodge, 32 Grange Rd, E10 5JD (same building, unit not confirmed); address in document not confirmed"
2406742000002188056,"Flat B, Hollybush Lodge, 32 Grange Rd, E10 5JD",zoho,"Flat2, Hollybush Loadge, Gas Certificate, 6.8.2021.jpg",gas,,2021-08-06,,no,low,"attached to Zoho 2020-04-14; image attachment, not downloaded"
2406742000002188056,"Flat B, Hollybush Lodge, 32 Grange Rd, E10 5JD",zoho,"Gas Cert 3.8.24 Flat B Hollybush lodge, E10.pdf",gas,,2024-08-03,OCR: kW/h or Btuh or neatinout Pass/Fai/NA Yes/No Pass/Fail/NA Pass/Fail/NA (if applicable) Yes/No Yes/No Pass/Fai/NA Yes/No Name (Mr/Mrs/Miss/Ms,no,low,"attached to Zoho 2024-06-25; scanned, no text"
2406742000002188056,"Flat B, Hollybush Lodge, 32 Grange Rd, E10 5JD",zoho,"Gas cert flat B, Hollybush Lodge 18-July-27.pdf",gas,,2027-07-18,,no,low,"attached to Zoho 2026-07-20; scanned, no text"
2406742000002188056,"Flat B, Hollybush Lodge, 32 Grange Rd, E10 5JD",zoho,Gas cert for Flat B Hollybush 05-08-2025.pdf,gas,,2025-08-05,"OCR: Business Am Pluubig ard Veetus Flat 3, Brassen House Eahes Street, London Inspection Details G14 3OT",no,low,"attached to Zoho 2024-08-07; scanned, no text"
2406742000002188056,"Flat B, Hollybush Lodge, 32 Grange Rd, E10 5JD",zoho,"Gas cert for Flat B Hollybush lodge, 32 Grange Road E10, 30-Jul-2026.pdf",gas,,2026-07-30,,no,low,"attached to Zoho 2025-07-30; scanned, no text"
2406742000002188056,"Flat B, Hollybush Lodge, 32 Grange Rd, E10 5JD",zoho,32B Hollybush license.pdf,licence,,,OCR: ove property. A licence is to be granted YOUR PIN: 3986-9103 LICENCE REFERENCE: WAL-145155-1 E10 5JD,no,low,"attached to Zoho 2023-01-24; scanned, no text"
2406742000002188056,"Flat B, Hollybush Lodge, 32 Grange Rd, E10 5JD",zoho,Flat 2 Hollybush Road Property license (1).pdf,licence,,,OCR: Granting of a Private Rented Property Licence Address: Flat 2 Hollybush Lodge 32a Grange Road Leyton E10 5JD,no,low,"attached to Zoho 2019-06-13; scanned, no text"
2406742000046460068,"Flat C, Hollybush Lodge, 32 Grange Rd, E10 5JD",zoho,32c Hollybush EICR 21 Oct 2029.pdf.pdf,EICR,,2029-10-21,"OCR: Address: FLAT WODDFORS4RBBN ...13SSEX 32,4 Postcode: /4.8 8.Q.J. TelNo: 0794/60974 Postcode:.... Tel No: Postcode: E/D... PART 2 : PURPOSE O",no,low,"attached to Zoho 2024-11-05; scanned, no text"
2406742000046460068,"Flat C, Hollybush Lodge, 32 Grange Rd, E10 5JD",zoho,"EPC - 32 C, Hollybush louge.pdf",EPC,,,"OCR: EPC) Flat C, Hollybush Lodge Energy rating Valid until: 5 January 2035 32 Grange Road LONDON E10 5JD",no,low,"attached to Zoho 2025-01-06; scanned, no text; OCR (unverified) valid until: 2035-01-05"
2406742000046460068,"Flat C, Hollybush Lodge, 32 Grange Rd, E10 5JD",zoho,32C Hollybussh EPC 13.09.2023.pdf,EPC,2023-09-16,2023-09-13,"Hollybush Lodge, 32c, Grange Road, LONDON, E10 5JD",yes,medium,"attached to Zoho 2023-02-02; date of certificate 2013-09-17 + 10 years - 1 day (gov.uk convention); document address reads as Flat B, Hollybush Lodge, 32 Grange Rd, E10 5JD (same building, unit not confirmed); address in document not confirmed"
2406742000046460068,"Flat C, Hollybush Lodge, 32 Grange Rd, E10 5JD",zoho,32C Hollybush property license .pdf,licence,,,Proposal to Grant a Private Rented Property Licence Address: HollyBush Lodge 32C Grange Road Leyton E10 5JD,yes,low,"attached to Zoho 2023-11-27; no key date found in text; document address reads as Flat B, Hollybush Lodge, 32 Grange Rd, E10 5JD (same building, unit not confirmed); DRAFT licence"
2406742000046460068,"Flat C, Hollybush Lodge, 32 Grange Rd, E10 5JD",zoho,32c Hollbysh Landlord License.pdf,licence,2025-03-23,,Hollybush Lodge Flat C 32 Grange Road Walthamstow London E17 8AH,yes,high,attached to Zoho 2024-12-03; valid until
2406742000000266069,GF 225 Church Road E10 7BQ,zoho,GF225 CHURCH RD EICR - 23-11-30.pdf,EIC,,2030-11-23,OCR: nd report notes 54 Emailhaiderbest@hotmail.co.uk Gordon Road N/A N/A Web ephone No 0740154496 Ig11sp,no,low,"attached to Zoho 2025-11-25; scanned, no text; OCR (unverified) inspection 2025-11-24 + 5 years (interval not found): 2030-11-24"
2406742000000266069,GF 225 Church Road E10 7BQ,zoho,GF 225 Church Raod Electric Cert 17.5.25.pdf,EICR,,2025-05-17,"OCR: 225 church rd , Leyton , London , E10 Email: N/A B. REASON FOR PRODUGING THIS REPORI Installation of new 18th edition consumer unit Date(s) ",no,low,"attached to Zoho 2023-05-30; scanned, no text; OCR (unverified) inspection 2023-05-17 + 5 years (interval not found): 2028-05-17"
2406742000000266069,GF 225 Church Road E10 7BQ,zoho,EPC 255 gf church rd 10.05.2026 (1).pdf,EPC,,2026-05-10,"OCR: Ground Floor Flat, 225 Church Road, LONDON, E10 7BQ",no,low,"attached to Zoho 2021-03-26; scanned, no text; OCR (unverified) date of certificate 2016-05-11 + 10 years - 1 day (gov.uk convention): 2026-05-10"
2406742000000266069,GF 225 Church Road E10 7BQ,zoho,EPC 255 gf church rd 10.05.2026.pdf,EPC,,2026-05-10,"OCR: Ground Floor Flat, 225 Church Road, LONDON, E10 7BQ",no,low,"attached to Zoho 2019-12-13; scanned, no text; OCR (unverified) date of certificate 2016-05-11 + 10 years - 1 day (gov.uk convention): 2026-05-10"
2406742000000266069,GF 225 Church Road E10 7BQ,drive,2024-11-07__vicaragecourt__Energy performance certificate (EPC) - Find an energy certificate - GOV.UK.pdf,EPC,2026-05-10,,Ground Floor Flat 225 Church Road LONDON E10 7BQ,yes,medium,email date 2024-11-07; valid until; matched by address in document (filename has no address)
2406742000000266069,GF 225 Church Road E10 7BQ,drive,2024-11-08__vicaragecourt__Energy performance certificate (EPC) - Find an energy certificate - GOV.UK.pdf,EPC,2026-05-10,,Ground Floor Flat 225 Church Road LONDON E10 7BQ,yes,medium,email date 2024-11-08; valid until; matched by address in document (filename has no address)
2406742000000266069,GF 225 Church Road E10 7BQ,zoho,225 church road  EPC.pdf,EPC,2036-06-15,,Ground Floor Flat 225 Church Road LONDON E10 7BQ,yes,high,attached to Zoho 2026-06-16; valid until
2406742000000266069,GF 225 Church Road E10 7BQ,drive,"2024-11-07__vicaragecourt__Gas cert 225 Church Road E10, GF, 27-04-25.pdf",gas,,2025-04-27,OCR: kW/h or Btuh Or heat input mbar and/ Pass/Fail/NA Yes/No Pass/Fai/NA Pass/Fai/NA (if applicable) Yes/No Yes/No Pass/FaiVNA Yes/No Name (Mr/M,no,low,"email date 2024-11-07; matched by filename (high: street:1.0,housenum,floor); scanned, no text"
2406742000000266069,GF 225 Church Road E10 7BQ,drive,"2024-11-08__vicaragecourt__Gas cert 225 Church Road E10, GF, 27-04-25.pdf",gas,,2025-04-27,OCR: kW/h or Btuh Or heat input mbar and/ Pass/Fail/NA Yes/No Pass/Fai/NA Pass/Fai/NA (if applicable) Yes/No Yes/No Pass/FaiVNA Yes/No Name (Mr/M,no,low,"email date 2024-11-08; matched by filename (high: street:1.0,housenum,floor); scanned, no text"
2406742000000266069,GF 225 Church Road E10 7BQ,zoho,225 GF Church road gas  certificate 14.6.2021.pdf,gas,,2021-06-14,,no,low,"attached to Zoho 2020-07-07; scanned, no text"
2406742000000266069,GF 225 Church Road E10 7BQ,zoho,GF 225 Church Rd Gas cert 2.6.22.jpg,gas,,2022-06-02,,no,low,"attached to Zoho 2021-06-12; image attachment, not downloaded"
2406742000000266069,GF 225 Church Road E10 7BQ,zoho,GF 225 church Rd Gas certificate.jpg,gas,,,,no,low,"attached to Zoho 2022-05-19; image attachment, not downloaded"
2406742000000266069,GF 225 Church Road E10 7BQ,zoho,"Gas Cert, GF 225 Church Road, E10 8ET, 25.4.24.pdf",gas,,2024-04-25,OCR: 2B LAD 181511 Outcome of gas tightness test? Number of Appliances tested Postcode El4 3аT EIO Details of Registered Business Name (Mr/Mrs/Mi,no,low,"attached to Zoho 2023-05-01; scanned, no text"
2406742000000266069,GF 225 Church Road E10 7BQ,zoho,Gas Certificate GF 225 Church Rd 11.03.2020.pdf,gas,,2020-03-11,,no,low,"attached to Zoho 2019-12-13; scanned, no text"
2406742000000266069,GF 225 Church Road E10 7BQ,zoho,"Gas cert 225 Church Road E10, GF, 27-04-25.pdf",gas,,2025-04-27,OCR: kW/h or Btuh Or heat input mbar and/ Pass/Fail/NA Yes/No Pass/Fai/NA Pass/Fai/NA (if applicable) Yes/No Yes/No Pass/FaiVNA Yes/No Name (Mr/M,no,low,"attached to Zoho 2024-06-24; scanned, no text"
2406742000000266069,GF 225 Church Road E10 7BQ,zoho,"Gas cert 225 Church Road E10, Ground floor 27.04.2025.pdf",gas,,2025-04-27,OCR: kW/h or Btuh Or heat input mbar and/ Pass/Fail/NA Yes/No Pass/Fai/NA Pass/Fai/NA (if applicable) Yes/No Yes/No Pass/FaiVNA Yes/No Name (Mr/M,no,low,"attached to Zoho 2024-06-03; scanned, no text"
2406742000000266069,GF 225 Church Road E10 7BQ,zoho,Gas cert for GF 225 Church Road  9-10-26.pdf,gas,,2026-10-09,"OCR: 1 Pass Yes Name (Mr/Mrs/Miss/Ms) N/A Pass OFal D PassFak 2 23:1kv Дсяs Yes Pass Pasr 0.00010 Pass OFal PassFalO Address GF, 225 Chuich Road ",no,low,"attached to Zoho 2026-01-22; scanned, no text"
2406742000000266069,GF 225 Church Road E10 7BQ,zoho,225 Church Property License.png,licence,,,,no,low,"attached to Zoho 2021-05-11; image attachment, not downloaded"
2406742000000266069,GF 225 Church Road E10 7BQ,zoho,Property License 255 gf church rd 31.03.2020.pdf,licence,,2020-03-31,OCR: Granting of a Private Rented Property Licence Address: 225 Church Road Leyton London E10 7BQ,no,low,"attached to Zoho 2019-12-13; scanned, no text; OCR (unverified) valid until: 2020-03-31"
2406742000000266069,GF 225 Church Road E10 7BQ,zoho,225a Church Road  Landlord Licence - WAL-454375303096 - 24 Apr 2030.pdf,licence,2030-04-24,2030-04-24,"225a, Church Road London E10 7BQ",yes,medium,"attached to Zoho 2025-04-26; expiry date; document address reads as FF 225 Church Road E10 7BQ (same building, unit not confirmed); address in document not confirmed"
2406742000000266097,GF 55 Coopers Lane E10 5DG,zoho,GF 55 Coopers Electric Certificate.pdf,EIC,,,,no,low,"attached to Zoho 2019-06-14; scanned, no text; OCR (unverified) inspection 2016-11-26 + 5 years (interval not found): 2021-11-26"
2406742000000266097,GF 55 Coopers Lane E10 5DG,zoho,GF 55 Copers Lane Electric Certificate.pdf,EIC,,,OCR: Signature Signature RRPLACEMENT OF CONSUMIER UNIT 0G Postcode E/0 SNA Postcode /48 Branch No (if applscable) * Where the electrical work to ,no,low,"attached to Zoho 2019-06-14; scanned, no text; OCR (unverified) inspection 2016-11-26 + 5 years (interval not found): 2021-11-26"
2406742000000266097,GF 55 Coopers Lane E10 5DG,zoho,GF 55 Copers Lane Electric Certificate.pdf,EIC,,,OCR: Signature Signature RRPLACEMENT OF CONSUMIER UNIT 0G Postcode E/0 SNA Postcode /48 Branch No (if applscable) * Where the electrical work to ,no,low,"attached to Zoho 2019-01-31; scanned, no text; OCR (unverified) inspection 2016-11-26 + 5 years (interval not found): 2021-11-26"
2406742000000266097,GF 55 Coopers Lane E10 5DG,zoho,"Flat A, GF 55Cooper Lane EICR 27.4.27.pdf",EICR,,2027-04-27,OCR: EL AKUFFO Contractor First Action Building Services Signature 186 Roslyn Rd Tottenham London N15 5jj,no,low,"attached to Zoho 2022-05-06; scanned, no text; OCR (unverified) inspection 2022-04-28 + 5 years (interval not found): 2027-04-28"
2406742000000266097,GF 55 Coopers Lane E10 5DG,zoho,GF 55 Cooper Lane EICR 27.4.27.pdf,EICR,,2027-04-27,OCR: EL AKUFFO Contractor First Action Building Services Signature 186 Roslyn Rd Tottenham London N15 5jj,no,low,"attached to Zoho 2026-01-22; scanned, no text; OCR (unverified) inspection 2022-04-28 + 5 years (interval not found): 2027-04-28"
2406742000000266097,GF 55 Coopers Lane E10 5DG,zoho,GF 55 Coopers EPC.pdf,EPC,2028-04-15,,"Ground Floor Flat, 55 Coopers Lane, LONDON, E10 5DG",yes,high,attached to Zoho 2019-06-14; date of certificate 2018-04-16 + 10 years - 1 day (gov.uk convention)
2406742000000266097,GF 55 Coopers Lane E10 5DG,zoho,55 Cooper Lane Gas Certificate 25.8.2021.pdf,gas,,2021-08-25,,no,low,"attached to Zoho 2020-09-09; scanned, no text"
2406742000000266097,GF 55 Coopers Lane E10 5DG,zoho,55 GF Coopers Lane Gas certificate.pdf,gas,,,OCR: --- page 1 --- 2584538 is protective equipotential bonding satisfactory? Report pages 1 of 2 IG1 3ED,no,low,"attached to Zoho 2019-06-20; scanned, no text; OCR (unverified) next check due: 2019-07-11"
2406742000000266097,GF 55 Coopers Lane E10 5DG,zoho,GF 55 Cooper Lane Gas cert 25.8.22.jpg,gas,,2022-08-25,,no,low,"attached to Zoho 2021-09-04; image attachment, not downloaded"
2406742000000266097,GF 55 Coopers Lane E10 5DG,zoho,"GF 55 Coopers Lane E10 Gas cert ,  10 Aug 2025.pdf",gas,,2025-08-10,OCR: PassтaNтe Yes/No Name (Mr/Mrs/Miss/Ms) Pass PansFalru Yes Pass Ress 0.0008 NO Yes Address 55 coopers (ane Gromnol fioor ADeD Safety Related ,no,low,"attached to Zoho 2024-08-14; scanned, no text"
2406742000000266097,GF 55 Coopers Lane E10 5DG,zoho,Gas Bill  2023 55 Coopers.pdf,gas,,,OCR: 0 October 2021 to 06 June 2023 Client Reference: 850061152157 Supply 55B Coopers Lane London E10 5DG,no,low,"attached to Zoho 2023-12-23; scanned, no text"
2406742000000266097,GF 55 Coopers Lane E10 5DG,zoho,Gas Certificate Ref76156793 55 coopers lane.pdf,gas,,,,no,low,"attached to Zoho 2019-09-03; scanned, no text"
2406742000000266097,GF 55 Coopers Lane E10 5DG,zoho,"Gas cert For ground floor, 55 coopers lane E10, 30-Jul-2026.pdf",gas,,2026-07-30,"OCR: Name (Mr/Mrs/Miss/Ms) Gas Sate Register No _ 8178 392268 Outcome of gas tightness test? Number of Appliances tested Lane, heyton Cahir steet",no,low,"attached to Zoho 2025-07-30; scanned, no text"
2406742000000266097,GF 55 Coopers Lane E10 5DG,zoho,Gas cert GF 55 Coopers 14-July-27.pdf,gas,,2027-07-14,,no,low,"attached to Zoho 2026-07-20; scanned, no text"
2406742000000266097,GF 55 Coopers Lane E10 5DG,zoho,"Gas cert for GF 55 CoopersLane,E10 - 3.8.24.pdf",gas,,2024-08-03,,no,low,"attached to Zoho 2023-08-09; scanned, no text"
2406742000000266097,GF 55 Coopers Lane E10 5DG,zoho,"GF 55 Cooper Lane gas certificate, 25.7.23.pdf",gas,2023-07-26,2023-07-25,Name: Murray & Sullivan Address: 55 Coopers Lane ground floor flat London Postcode: e105dg Contact Number: Appliance Details Location Type M,yes,high,attached to Zoho 2022-07-27; next check due
2406742000000266097,GF 55 Coopers Lane E10 5DG,zoho,GF 55 Coopers Property License.pdf,licence,,,,no,low,"attached to Zoho 2019-06-14; scanned, no text; OCR (unverified) valid until: 2020-03-31"
2406742000000266097,GF 55 Coopers Lane E10 5DG,zoho,GF 55 Coopers license.pdf,licence,,,"Ground Floor Flat 55, Coopers Lane London E10 5DG",yes,low,attached to Zoho 2021-03-02; expiry date; DRAFT licence
2406742000002373578,"Hawkesmead, CB10 2QS",zoho,Hawksmead Electrical Certificate.pdf,EICR,,,OCR: Clent Purpose for which Occupier Address: inspection: available: this report is required --- page 2 --- Original (To the person ordering the,no,low,"attached to Zoho 2019-06-13; scanned, no text"
2406742000002373578,"Hawkesmead, CB10 2QS",zoho,EPC - Hawksmead.pdf,EPC,2027-12-16,,"Hawksmead, Stambourne Road, Little Sampford, SAFFRON WALDEN, CB10 2QS",yes,high,attached to Zoho 2019-07-18; date of certificate 2017-12-17 + 10 years - 1 day (gov.uk convention)
2406742000002373578,"Hawkesmead, CB10 2QS",zoho,Hawkesmead  - EPC.pdf,EPC,2031-10-24,,Hawkes Farm Stambourne Road Little Sampford SAFFRON WALDEN CB10 2QS,yes,medium,attached to Zoho 2026-02-13; valid until; address in document not confirmed
2406742000026649001,"Joan Elaine Cottage, CO9 3RL",zoho,Joan Elaine Cotage EICR - 26-4-30.pdf,EICR,,2030-04-26,OCR: I NORTHVIEW DRIVE Address:/ FOP FLUUR)'COORENS LAND Address: TO AN ELANE COTTAGE WDODFORD 4RIEN ESSEX 212 TON BRAINTREE ROAD SIBLE HEDINGHAM,no,low,"attached to Zoho 2026-01-15; scanned, no text"
2406742000026649001,"Joan Elaine Cottage, CO9 3RL",zoho,Joan Elane cottage EICR 26-4-25.jpg,EICR,,2025-04-26,,no,low,"attached to Zoho 2025-05-07; image attachment, not downloaded"
2406742000026649001,"Joan Elaine Cottage, CO9 3RL",zoho,Joan Elaine Cottage EPC.pdf,EPC,,,OCR: cEm Eall ecmne AC0n SBW He Enetgyiating Сotacitd numa Himdmme2 poptemtnn 2530 0603:5000-120200088204 Property type Mid-terrace bungalow Tota,no,low,"attached to Zoho 2020-10-13; scanned, no text"
2406742000026649001,"Joan Elaine Cottage, CO9 3RL",zoho,"Joan Elaine Cottage, (EPC) 22-09-2030.pdf",EPC,2030-09-22,2030-09-22,WINDMILL COTTAGE BRAINTREE ROAD ESSEX SIBLE HEDINGHAM CO9 3RL,yes,medium,attached to Zoho 2024-08-02; valid until; address in document not confirmed
2406742000074811001,Lancaster Residential Group Limited NE23 6UN,drive,2025-07-28__vicaragecourt__Lancaster House - Energy performance certificate (EPC)  - 22nd Feb 2025.pdf,EPC,2035-02-22,2025-02-22,Lancaster House Brownrigg Drive Mayfield Glade CRAMLINGTON NE23 6UN,yes,medium,"email date 2025-07-28; matched by filename (medium: street:1.0,named-property); valid until"
2406742000074811001,Lancaster Residential Group Limited NE23 6UN,drive,2025-10-08__vicaragecourt__Lancaster House - Energy performance certificate (EPC)  - 22nd Feb 2025.pdf,EPC,2035-02-22,2025-02-22,Lancaster House Brownrigg Drive Mayfield Glade CRAMLINGTON NE23 6UN,yes,medium,"email date 2025-10-08; matched by filename (medium: street:1.0,named-property); valid until"
2406742000074808078,Lord street Communal,zoho,Main Lord st EICR 23-09-30.pdf,EICR,,2030-09-23,"OCR: 35 Lord Street, , Blackpool, FY1 2BD Email: N/A B. REASON FOR PRODUCING THIS REPORT Landlord electrical safety report Date(s) inspection and",no,low,"attached to Zoho 2025-10-02; scanned, no text; OCR (unverified) next inspection date: 2030-09-23"
2406742000069985237,"Montrose Court Baycliff Road, Liverpool L12 6RR",drive,2025-03-08__gmail__Montrose - Liverpool Council - License.pdf,licence,,,,no,low,"email date 2025-03-08; matched by filename (high: street:1.0,named-property); scanned, no text"
2406742000069985237,"Montrose Court Baycliff Road, Liverpool L12 6RR",zoho,Montrose - Liverpool Council - License.pdf,licence,,,,no,low,"attached to Zoho 2025-03-08; scanned, no text"
2406742000061314003,"The Annexe, Joan Elaine Cottage, Braintree Road, Sible Hedingham CO9 3RL",zoho,EICR - Annex 2 Windmil Cottage 14-04-2029.pdf,EICR,,2029-04-14,OCR: WODA FORD GRBEN ESSEX Address ROSIE FLETCHEIL ANEX2 Postcode 14y 8Q J telo: 07541009741 Postcode: WINDMILL COTTA4E SIBLE #EDINGHAM Tel No: P,no,low,"attached to Zoho 2024-04-17; scanned, no text"
2406742000061314003,"The Annexe, Joan Elaine Cottage, Braintree Road, Sible Hedingham CO9 3RL",zoho,The Annex jhon elaine cotage EICR  10-8-2029.pdf,EICR,,2029-08-10,"OCR: 1.01F2002 55 COOPF1l LANE. Name: BEAUMANT RESABENTAL LIMITEP Enter a ( )or value in the respective fields, as appropriate. Signature:... Sig",no,low,"attached to Zoho 2026-09-01; scanned, no text"
2406742000061314003,"The Annexe, Joan Elaine Cottage, Braintree Road, Sible Hedingham CO9 3RL",zoho,EPC - Annex 2.pdf,EPC,2034-04-18,,Annex 2 Windmill cottage Braintree Road Sible Hedingham Halsted CO9 3RL,yes,low,attached to Zoho 2024-04-19; valid until; ADDRESS MISMATCH: document is for Windmill Cottage 2
2406742000061314003,"The Annexe, Joan Elaine Cottage, Braintree Road, Sible Hedingham CO9 3RL",zoho,EPC - The Annexe Joan Elaine Cottage.pdf,EPC,2036-08-19,,The Annexe Joan Elaine Cottage Braintree Road Sible Hedingham CO9 3RL,yes,medium,"attached to Zoho 2026-08-20; valid until; document address reads as Joan Elaine Cottage, CO9 3RL (same building, unit not confirmed); address in document not confirmed"
2406742000061315013,"The Annexe, Windmill Cottage, Braintree Road, Sible Hedingham, CO9 3RL",zoho,EICR - Annex 1 Windmil Cottage 14-04-2029.pdf,EICR,,2029-04-14,OCR: Z NEILTHEIEN DRIVE Address: Address: GABRIELLE MASIOKAITE ANEXI WOODFORD GRREN ESSEX WIND MILL COTTAGE SIBLE HEDINGHAM Pasteode 148 84J Tel ,no,low,"attached to Zoho 2024-04-17; scanned, no text"
2406742000061315013,"The Annexe, Windmill Cottage, Braintree Road, Sible Hedingham, CO9 3RL",zoho,The Annex windmill cotage EICR 10-8-2029.pdf,EICR,,2029-08-10,OCR: THE ANNEXE MINDMIL COTTALE Please see the 'Notes for Recipients Tel No: 043949 Date://-8-2l Date /1. 8- 26 Previous report date: (. (see add,no,low,"attached to Zoho 2026-09-01; scanned, no text"
2406742000061315013,"The Annexe, Windmill Cottage, Braintree Road, Sible Hedingham, CO9 3RL",zoho,EPC - Annex 1.pdf,EPC,2034-04-18,,Annex1 windmill cottage Braintree road Sible Hedingham Halsted CO9 3RL,yes,medium,"attached to Zoho 2024-04-19; valid until; document address reads as The Annexe, Windmill Cottage, Braintree Road, Sible Hedingham, CO9 3RL (same building, unit not confirmed); address in document not confirmed"
2406742000061315013,"The Annexe, Windmill Cottage, Braintree Road, Sible Hedingham, CO9 3RL",zoho,EPC - The Annexe Windmill Cottage.pdf,EPC,2036-08-19,,The Annexe Windmill Cottage Braintree Road Sible Hedingham CO9 3RL,yes,medium,"attached to Zoho 2026-08-20; valid until; document address reads as The Annexe, Windmill Cottage, Braintree Road, Sible Hedingham, CO9 3RL (same building, unit not confirmed); address in document not confirmed"
2406742000031468198,Windmill Cottage 1 - Richard Furlong,zoho,1 windmil cotage EICR 16-10-2030 Richard .pdf,EICR,,2030-10-16,"OCR: 7, NOILTHVIEW DRIVE Address TOR ELR 55, COPPIRNS LANIE Address: I WINDmIL COTTAGE WODDFORD 42RRN 12 3SE X LZY50N Postcode: /428.Q.J. Tel No:",no,low,"attached to Zoho 2025-11-12; scanned, no text; OCR (unverified) inspection 2010-06-01 + 5 years (interval not found): 2015-06-01"
2406742000031468198,Windmill Cottage 1 - Richard Furlong,zoho,Windmill EPC (3).pdf,EPC,2030-09-22,,Date of assessment 8 September 2020 Date of certificate 23 September 2020,yes,medium,attached to Zoho 2021-04-06; valid until; address in document not confirmed
2406742000031468198,Windmill Cottage 1 - Richard Furlong,zoho,Gas safety information 1.jpg,gas,,,,no,low,"attached to Zoho 2022-11-01; image attachment, not downloaded"
2406742000031468198,Windmill Cottage 1 - Richard Furlong,zoho,Gas safety information 2.jpg,gas,,,,no,low,"attached to Zoho 2022-11-01; image attachment, not downloaded"
2406742000031085498,Windmill Cottage 2,zoho,Windmill EPC (2).pdf,EPC,2030-09-22,,Date of assessment 8 September 2020 Date of certificate 23 September 2020,yes,high,attached to Zoho 2021-03-30; valid until
2406742000031085557,Windmill Cottage Braintree Road Sible Hedingham CO9 3RL,zoho,Windmill Cottage EICR - 15 Oct 2025.pdf,EIC,,2025-10-15,OCR: address Windmill Cottage Windmill Cottage Braintree Rd Sibel Hedingham Braintree Rd Sibel Hedingham Postcode: HALSTFAD FSSEX CO9 ЗRL Postcod,no,low,"attached to Zoho 2025-10-04; scanned, no text; OCR (unverified) inspection 2020-10-15 + 5 years (interval not found): 2025-10-15"
2406742000031085557,Windmill Cottage Braintree Road Sible Hedingham CO9 3RL,zoho,windmil cotage EICR 16-10-2030 Leo.pdf,EICR,,2030-10-16,"OCR: WINDMILL COTTAGE Address: T0./) 211255 COOPRUS LANIL Address: 7, N.D.12THV/EW DRIVE WODAFORD GRZEN 3SSEX 212YTON Postcode: /41 8.4.5 TelNo: ",no,low,"attached to Zoho 2025-11-10; scanned, no text; OCR (unverified) inspection 2025-10-06 + 5 years (interval not found): 2030-10-06"
2406742000031085557,Windmill Cottage Braintree Road Sible Hedingham CO9 3RL,zoho,Windmill EPC (2).pdf,EPC,2030-09-22,,Date of assessment 8 September 2020 Date of certificate 23 September 2020,yes,medium,"attached to Zoho 2021-03-30; valid until; document address reads as Windmill Cottage 2 (same building, unit not confirmed); address in document not confirmed"
2406742000002373672,"Windmill Cottage, CO9 3RL",zoho,windmil cotage EICR 16-10-2030 Leo.pdf,EICR,,2030-10-16,"OCR: WINDMILL COTTAGE Address: T0./) 211255 COOPRUS LANIL Address: 7, N.D.12THV/EW DRIVE WODAFORD GRZEN 3SSEX 212YTON Postcode: /41 8.4.5 TelNo: ",no,low,"attached to Zoho 2026-01-16; scanned, no text; OCR (unverified) inspection 2025-10-06 + 5 years (interval not found): 2030-10-06"
2406742000002373672,"Windmill Cottage, CO9 3RL",zoho,Windmill EPC.pdf,EPC,2030-09-22,,Date of assessment 8 September 2020 Date of certificate 23 September 2020,yes,medium,"attached to Zoho 2021-03-18; valid until; document address reads as Windmill Cottage 2 (same building, unit not confirmed); address in document not confirmed"
2406742000002373672,"Windmill Cottage, CO9 3RL",zoho,WINDMILL COTTAGE Electric CERT.pdf,electrical,,,,no,low,"attached to Zoho 2020-09-01; text layer is the blank NICEIC form template (sample data), real certificate is an image; scanned, no text"
,,drive,2014-12-22__hotmail__Electrical Cert.pdf,EIC,,,"OCR: : mA Number and type of live ... except for the departures, if any, detailed as follows: 90B 3-phase, 4-wire 3-phase, 3-wire 1-phase, 2-wire",no,low,"email date 2014-12-22; scanned, no text; no live property matched"
,,drive,2015-08-18__vicaragecourt__NICEIC.pdf,EIC,,,,no,low,"email date 2015-08-18; scanned, no text; no live property matched"
,,drive,2016-03-03__vicaragecourt__NICEIC.pdf,EIC,,,,no,low,"email date 2016-03-03; scanned, no text; no live property matched"
,,drive,2016-06-03__vicaragecourt__Electrical Certificate.PDF,EIC,,,,no,low,"email date 2016-06-03; scanned, no text; no live property matched"
,,drive,2016-06-20__vicaragecourt__epc and electrical certificate 35 malta Road.pdf,EIC,,,OCR: Signature Signature 771J8 Postcade E 10 5NG REWIRE OF KITEHCN CIRUIT/NEW FIXTORES 5 FITTIVÇT Postcode Branch No (if applicable) * Where the ,no,low,"email date 2016-06-20; scanned, no text; no live property matched"
,,drive,2016-10-27__vicaragecourt__Electrical Installation Certificate.pdf,EIC,,,,no,low,"email date 2016-10-27; scanned, no text; no live property matched"
,,drive,2016-11-23__vicaragecourt__Electric certificate.pdf,EIC,,,"OCR: N, CONSTRUCTION, INSPECTION AND TESTING alteration addition The installation is AПON poscade E10 6kh",no,low,"email date 2016-11-23; scanned, no text; no live property matched"
,,drive,2018-03-13__vicaragecourt__25 Elm Park. Electric Cert .pdf,EIC,,,,no,low,"email date 2018-03-13; scanned, no text; no live property matched"
,,drive,2018-03-14__vicaragecourt__25_Elm_Park._Electric_Cert_.pdf(HA00030008.47.F6B8B) (1).pdf,EIC,,,,no,low,"email date 2018-03-14; scanned, no text; no live property matched"
,,drive,2018-03-14__vicaragecourt__25_Elm_Park._Electric_Cert_.pdf(HA00030008.47.F6B8B).pdf,EIC,,,,no,low,"email date 2018-03-14; scanned, no text; no live property matched"
,,drive,2018-04-04__vicaragecourt__25_Elm_Park._Electric_Cert_.pdf(HA00030008.47.F6B8B).pdf,EIC,,,,no,low,"email date 2018-04-04; scanned, no text; no live property matched"
,,drive,2018-04-09__vicaragecourt__25_Elm_Park._Electric_Cert_.pdf(HA00030008.47.F6B8B).pdf,EIC,,,,no,low,"email date 2018-04-09; scanned, no text; no live property matched"
,,drive,2018-04-10__gmail__25_Elm_Park._Electric_Cert_.pdf(HA00030008.47.F6B8B).pdf,EIC,,,,no,low,"email date 2018-04-10; scanned, no text; no live property matched"
,,drive,2018-04-10__vicaragecourt__25_Elm_Park._Electric_Cert_.pdf(HA00030008.47.F6B8B).pdf,EIC,,,,no,low,"email date 2018-04-10; scanned, no text; no live property matched"
,,drive,2018-04-11__vicaragecourt__25_Elm_Park._Electric_Cert_.pdf(HA00030008.47.F6B8B).pdf,EIC,,,,no,low,"email date 2018-04-11; scanned, no text; no live property matched"
,,drive,2025-12-02__propertysauce-co__47 Wilmot Road EICR 3-11-30.pdf,EIC,,2030-11-03,,no,low,"email date 2025-12-02; scanned, no text; no live property matched"
,,drive,2025-12-04__propertysauce-co__47 Wilmot Road EICR 3-11-30.pdf,EIC,,2030-11-03,,no,low,"email date 2025-12-04; scanned, no text; no live property matched"
,,drive,2025-12-10__gmail__47 Wilmot Road EICR 3-11-30.pdf,EIC,,2030-11-03,,no,low,"email date 2025-12-10; scanned, no text; no live property matched"
,,drive,2025-12-10__vicaragecourt__47 Wilmot Road EICR 3-11-30.pdf,EIC,,2030-11-03,,no,low,"email date 2025-12-10; scanned, no text; no live property matched"
,,drive,2025-12-16__vicaragecourt__47 Wilmot Road EICR 3-11-30.pdf,EIC,,2030-11-03,,no,low,"email date 2025-12-16; scanned, no text; no live property matched"
,,drive,2016-06-14__vicaragecourt__Electrical Certificate.PDF,EICR,,,,no,low,"email date 2016-06-14; scanned, no text; no live property matched"
,,drive,2013-07-30__vicaragecourt__EPC - Flat 4.pdf,EPC,,,OCR:  1 --- lergy H rormance Certi Flat 4 243 Cann Hall Road LONDON Dwelling type: Top-floor flat E11 3NL,no,low,"email date 2013-07-30; scanned, no text; OCR (unverified) date of certificate 2009-04-16 + 10 years - 1 day (gov.uk convention): 2019-04-15; no live property matched"
,,drive,2013-07-30__vicaragecourt__EPC - Flat 5.pdf,EPC,,,OCR: Flat 5 243 Cann Hall Road,no,low,"email date 2013-07-30; scanned, no text; OCR (unverified) date of certificate 2009-04-16 + 10 years - 1 day (gov.uk convention): 2019-04-15; no live property matched"
,,drive,2013-10-28__gmail__EPC.PDF,EPC,,,"OCR: 28, Kenilworth Gardens, LOUGHTON, IG10 3AF",no,low,"email date 2013-10-28; scanned, no text; OCR (unverified) date of certificate 2010-11-11 + 10 years - 1 day (gov.uk convention): 2020-11-10; no live property matched"
,,drive,2013-10-28__murrayandsullivan-co__EPC.PDF,EPC,,,"OCR: 28, Kenilworth Gardens, LOUGHTON, IG10 3AF",no,low,"email date 2013-10-28; scanned, no text; OCR (unverified) date of certificate 2010-11-11 + 10 years - 1 day (gov.uk convention): 2020-11-10; no live property matched"
,,drive,2015-09-22__vicaragecourt__EPC.pdf,EPC,,,"OCR: 274, Murchison Road,",no,low,"email date 2015-09-22; scanned, no text; OCR (unverified) date of certificate 2010-01-02 + 10 years - 1 day (gov.uk convention): 2020-01-01; no live property matched"
,,drive,2015-11-06__vicaragecourt__EPC.pdf,EPC,,,,no,low,"email date 2015-11-06; scanned, no text; no live property matched"
,,drive,2015-11-19__vicaragecourt__EPC.pdf,EPC,,,OCR: 24 Kenilworth Gardens,no,low,"email date 2015-11-19; scanned, no text; OCR (unverified) date of certificate 2009-05-29 + 10 years - 1 day (gov.uk convention): 2019-05-28; no live property matched"
,,drive,2015-11-24__vicaragecourt__EPC.pdf,EPC,,,OCR: 24 Kenilworth Gardens,no,low,"email date 2015-11-24; scanned, no text; OCR (unverified) date of certificate 2009-05-29 + 10 years - 1 day (gov.uk convention): 2019-05-28; no live property matched"
,,drive,2016-01-04__vicaragecourt__EPC.pdf,EPC,,,OCR: 14 Hall Gardens,no,low,"email date 2016-01-04; scanned, no text; OCR (unverified) date of certificate 2009-01-05 + 10 years - 1 day (gov.uk convention): 2019-01-04; no live property matched"
,,drive,2016-01-25__vicaragecourt__EPC.pdf,EPC,,,,no,low,"email date 2016-01-25; scanned, no text; no live property matched"
,,drive,2016-02-12__vicaragecourt__EPC.pdf,EPC,,,,no,low,"email date 2016-02-12; scanned, no text; no live property matched"
,,drive,2016-04-22__vicaragecourt__EPC.pdf(HA00340004.29.1F273).pdf,EPC,,,,no,low,"email date 2016-04-22; scanned, no text; no live property matched"
,,drive,2016-05-11__vicaragecourt__EPC.pdf,EPC,,,"OCR: 98, North Birkbeck Road, LONDON, E11 4JQ",no,low,"email date 2016-05-11; scanned, no text; OCR (unverified) date of certificate 2014-03-21 + 10 years - 1 day (gov.uk convention): 2024-03-20; no live property matched"
,,drive,2016-05-16__vicaragecourt__EPC.pdf,EPC,,,"OCR: 74c Kingswood Road, LONDON, E11 1SF",no,low,"email date 2016-05-16; scanned, no text; OCR (unverified) date of certificate 2014-09-02 + 10 years - 1 day (gov.uk convention): 2024-09-01; no live property matched"
,,drive,2016-06-16__vicaragecourt__EPC.pdf,EPC,,,,no,low,"email date 2016-06-16; scanned, no text; no live property matched"
,,drive,2016-07-11__vicaragecourt__7. EPC.PDF,EPC,,,"OCR: 92, Dunedin Road",no,low,"email date 2016-07-11; scanned, no text; OCR (unverified) date of certificate 2011-07-02 + 10 years - 1 day (gov.uk convention): 2021-07-01; no live property matched"
,,drive,2016-07-19__vicaragecourt__EPC.PDF,EPC,,,,no,low,"email date 2016-07-19; scanned, no text; no live property matched"
,,drive,2016-07-21__vicaragecourt__EPC - 215c Wood Street.pdf,EPC,,,"OCR: 215c, Wood Street, LONDON, E17 3NT",no,low,"email date 2016-07-21; scanned, no text; OCR (unverified) date of certificate 2015-07-01 + 10 years - 1 day (gov.uk convention): 2025-06-30; no live property matched"
,,drive,2017-02-02__vicaragecourt__EPC.pdf,EPC,,,,no,low,"email date 2017-02-02; scanned, no text; no live property matched"
,,drive,2018-07-09__vicaragecourt__EPC.pdf,EPC,,,"OCR: 7c Tomlins Grove, LONDON, E3 ANX",no,low,"email date 2018-07-09; scanned, no text; no live property matched"
,,drive,2018-11-21__gmail__EPC.pdf,EPC,,,OCR: Top-floor maisonette Reference number: 0856-2892-7531-9298-4085 Date of assessment: 12 July 2018,no,low,"email date 2018-11-21; scanned, no text; OCR (unverified) date of certificate 2018-07-13 + 10 years - 1 day (gov.uk convention): 2028-07-12; no live property matched"
,,drive,2019-10-14__propertysauce-co__epccert359loweraddiscomberoadcr06rg.pdf,EPC,,,"OCR: 359, Lower Addiscombe Road, CROYDON, CR0 6RG",no,low,"email date 2019-10-14; scanned, no text; OCR (unverified) date of certificate 2019-07-17 + 10 years - 1 day (gov.uk convention): 2029-07-16; no live property matched"
,,drive,2019-10-18__gmail__epccert359loweraddiscomberoadcr06rg.pdf,EPC,,,"OCR: 359, Lower Addiscombe Road, CROYDON, CR0 6RG",no,low,"email date 2019-10-18; scanned, no text; OCR (unverified) date of certificate 2019-07-17 + 10 years - 1 day (gov.uk convention): 2029-07-16; no live property matched"
,,drive,2023-06-26__vicaragecourt__Energy performance certificate (EPC) Ground Floor Flat.pdf,EPC,,,OCR: ficate (ЕРС) Ground Floor Flat Energy rating Valid until: 10 May 2026 225 Church Road LONDON E10 7BQ,no,low,"email date 2023-06-26; scanned, no text; OCR (unverified) valid until: 2026-05-10; no live property matched"
,,drive,2024-04-22__vicaragecourt__EPC - 261 Cann Hall.pdf,EPC,,,"OCR: Energy rating Valid until: 10 May 2026 261, Cann Hall Road LONDON E E11 3NL Certificate 9308-0089-7215-4146- number: 5904 Property type Mid-",no,low,"email date 2024-04-22; scanned, no text; OCR (unverified) valid until: 2026-05-10; no live property matched"
,,drive,2025-12-02__propertysauce-co__47 Wilmot Road - EPC.pdf,EPC,,,OCR: 47 Wilmot Road,no,low,"email date 2025-12-02; scanned, no text; OCR (unverified) valid until: 2035-11-24; no live property matched"
,,drive,2025-12-04__propertysauce-co__47 Wilmot Road - EPC.pdf,EPC,,,OCR: 47 Wilmot Road,no,low,"email date 2025-12-04; scanned, no text; OCR (unverified) valid until: 2035-11-24; no live property matched"
,,drive,2017-01-12__vicaragecourt__EPC Flat . 492.pdf,EPC,2019-01-04,,E10 7DU,yes,low,email date 2017-01-12; date of certificate 2009-01-05 + 10 years - 1 day (gov.uk convention); no live property matched
,,drive,2017-02-07__vicaragecourt__EPC Flat . 492.pdf,EPC,2019-01-04,,E10 7DU,yes,low,email date 2017-02-07; date of certificate 2009-01-05 + 10 years - 1 day (gov.uk convention); no live property matched
,,drive,2014-01-29__vicaragecourt__EPC.PDF,EPC,2019-06-07,,E10 5NE,yes,low,email date 2014-01-29; date of certificate 2009-06-08 + 10 years - 1 day (gov.uk convention); no live property matched
,,drive,2014-02-04__vicaragecourt__EPC.PDF,EPC,2019-06-07,,E10 5NE,yes,low,email date 2014-02-04; date of certificate 2009-06-08 + 10 years - 1 day (gov.uk convention); no live property matched
,,drive,2015-11-23__vicaragecourt__EPC.pdf,EPC,2019-10-05,,06 October 2009,yes,low,email date 2015-11-23; date of certificate 2009-10-06 + 10 years - 1 day (gov.uk convention); no live property matched
,,drive,2016-09-09__vicaragecourt__EPC.pdf(SU00040058.10.68CDB).pdf,EPC,2019-10-05,,06 October 2009,yes,low,email date 2016-09-09; date of certificate 2009-10-06 + 10 years - 1 day (gov.uk convention); no live property matched
,,drive,2018-05-22__lansdowneauctions__EPC.pdf,EPC,2020-06-29,,"30 June 2010 73 Burnt Ash Hill, LONDON, SE12 0AQ",yes,low,email date 2018-05-22; date of certificate 2010-06-30 + 10 years - 1 day (gov.uk convention); no live property matched
,,drive,2018-05-24__gmail__EPC.pdf,EPC,2020-06-29,,"30 June 2010 73 Burnt Ash Hill, LONDON, SE12 0AQ",yes,low,email date 2018-05-24; date of certificate 2010-06-30 + 10 years - 1 day (gov.uk convention); no live property matched
,,drive,2016-03-07__vicaragecourt__EPC.pdf(SU00040080.13.9EF3C).pdf,EPC,2022-08-30,,"Flat B, 50 St. Leonards Street, LONDON, E3 3BT",yes,low,email date 2016-03-07; date of certificate 2012-08-31 + 10 years - 1 day (gov.uk convention); no live property matched
,,drive,2016-01-18__vicaragecourt__EPC.pdf(MU00030029.9.B795A).pdf,EPC,2023-02-15,,"379, Newham Way, LONDON, E16 4ED",yes,low,email date 2016-01-18; date of certificate 2013-02-16 + 10 years - 1 day (gov.uk convention); no live property matched
,,drive,2016-01-20__vicaragecourt__EPC.pdf(SU00270003.7.B28C2).pdf,EPC,2023-03-16,,"Flat 1, 664a, High Road Leyton, LONDON, E10 6JP",yes,low,email date 2016-01-20; date of certificate 2013-03-17 + 10 years - 1 day (gov.uk convention); no live property matched
,,drive,2016-04-06__vicaragecourt__EPC.pdf(SU00270003.7.B28C2).pdf,EPC,2023-03-16,,"Flat 1, 664a, High Road Leyton, LONDON, E10 6JP",yes,low,email date 2016-04-06; date of certificate 2013-03-17 + 10 years - 1 day (gov.uk convention); no live property matched
,,drive,2015-11-30__vicaragecourt__EPC.pdf,EPC,2023-03-23,,"First Floor, 91 Melford Road, LONDON, E11 4PR",yes,low,email date 2015-11-30; date of certificate 2013-03-24 + 10 years - 1 day (gov.uk convention); no live property matched
,,drive,2013-07-30__vicaragecourt__EPC - Flat 2.pdf,EPC,2023-03-24,,"Flat 2, 243 Cann Hall Road, LONDON, E11 3NL",yes,low,email date 2013-07-30; date of certificate 2013-03-25 + 10 years - 1 day (gov.uk convention); no live property matched
,,drive,2013-07-30__vicaragecourt__EPC - Flat 3.pdf,EPC,2023-03-24,,"Flat 3, 243 Cann Hall Road, LONDON, E11 3NL",yes,low,email date 2013-07-30; date of certificate 2013-03-25 + 10 years - 1 day (gov.uk convention); no live property matched
,,drive,2013-11-14__murrayandsullivan-co__12b Morley road. EPC.pdf,EPC,2023-03-24,,"12b Morley Road, LONDON, E10 6LL",yes,low,email date 2013-11-14; date of certificate 2013-03-25 + 10 years - 1 day (gov.uk convention); no live property matched
,,drive,2016-10-27__vicaragecourt__EPC.pdf,EPC,2023-03-24,,"12b Morley Road, LONDON, E10 6LL",yes,low,email date 2016-10-27; date of certificate 2013-03-25 + 10 years - 1 day (gov.uk convention); no live property matched
,,drive,2017-08-17__vicaragecourt__EPC.pdf(SU00040099.9.4E7E9).pdf,EPC,2023-07-11,,"103a, Albert Road, LONDON, E10 6NU",yes,low,email date 2017-08-17; date of certificate 2013-07-12 + 10 years - 1 day (gov.uk convention); no live property matched
,,drive,2016-10-20__vicaragecourt__EPC.pdf,EPC,2024-01-20,,"12, Morley Road, LONDON, E10 6LL",yes,low,email date 2016-10-20; date of certificate 2014-01-21 + 10 years - 1 day (gov.uk convention); no live property matched
,,drive,2017-06-21__vicaragecourt__Flat 4 Lea Bridge Lofts EPC.PDF,EPC,2024-02-17,,Page 1 of 4,yes,low,email date 2017-06-21; date of certificate 2014-02-18 + 10 years - 1 day (gov.uk convention); no live property matched
,,drive,2016-01-27__vicaragecourt__EPC.pdf,EPC,2024-06-10,,"59, Kettlebaston Road, LONDON, E10 7PE",yes,low,email date 2016-01-27; date of certificate 2014-06-11 + 10 years - 1 day (gov.uk convention); no live property matched
,,drive,2016-11-01__vicaragecourt__EPC.pdf(SU00040060.106.33738).pdf,EPC,2025-12-03,,Page 1 of 4,yes,low,email date 2016-11-01; date of certificate 2015-12-04 + 10 years - 1 day (gov.uk convention); no live property matched
,,drive,2016-01-18__vicaragecourt__EPC- 202 NEW ROAD.PDF,EPC,2026-01-13,,"202, New Road, LONDON, E4 9SJ",yes,low,email date 2016-01-18; date of certificate 2016-01-14 + 10 years - 1 day (gov.uk convention); no live property matched
,,drive,2016-03-04__vicaragecourt__EPC.pdf,EPC,2026-02-01,,"10b, Station Road, LONDON, E4 7BE",yes,low,email date 2016-03-04; date of certificate 2016-02-02 + 10 years - 1 day (gov.uk convention); no live property matched
,,drive,2016-10-13__vicaragecourt__EPC.pdf,EPC,2026-02-01,,"10b, Station Road, LONDON, E4 7BE",yes,low,email date 2016-10-13; date of certificate 2016-02-02 + 10 years - 1 day (gov.uk convention); no live property matched
,,drive,2017-01-18__vicaragecourt__EPC.pdf(SU00270006.102.D144E).pdf,EPC,2026-02-23,,Page 1 of 4,yes,low,email date 2017-01-18; date of certificate 2016-02-24 + 10 years - 1 day (gov.uk convention); no live property matched
,,drive,2017-09-19__vicaragecourt__EPC.pdf(BE00650006.8.7093D).pdf,EPC,2026-05-10,,"Hollybush Lodge, 32, Grange Road, LONDON, E10 5JD",yes,low,email date 2017-09-19; date of certificate 2016-05-11 + 10 years - 1 day (gov.uk convention); no live property matched
,,drive,2020-11-05__gmail__Energy_Performance_Certificate_1.pdf,EPC,2029-09-23,,"47, Nelson Street, LONDON, E6 2QA",yes,low,email date 2020-11-05; date of certificate 2019-09-24 + 10 years - 1 day (gov.uk convention); no live property matched
,,drive,2020-11-05__lansdowneauctions__Energy_Performance_Certificate_1.pdf,EPC,2029-09-23,,"47, Nelson Street, LONDON, E6 2QA",yes,low,email date 2020-11-05; date of certificate 2019-09-24 + 10 years - 1 day (gov.uk convention); no live property matched
,,drive,2024-07-16__propertysauce-co__EPC 25 Powell Court.pdf,EPC,2029-10-30,,Date of assessment 31 October 2019 Date of certificate 31 October 2019,yes,low,email date 2024-07-16; valid until; no live property matched
,,drive,2021-02-24__vicaragecourt__HA00860013 EPC - 11 Nevill Lodge.pdf.pdf,EPC,2030-03-03,,Date of assessment 3 March 2020 Date of certificate 4 March 2020,yes,low,email date 2021-02-24; valid until; no live property matched
,,drive,2015-08-17__vicaragecourt__Electrical Installation Certificate.pdf,electrical,,,"OCR:  different from owner/occupier) N/A WINDMILL COTTAGE BRAINTREE RD N/A SiBLE HEDiNGHAM, ESSEX C09 3RL",no,low,"email date 2015-08-17; scanned, no text; OCR (unverified) inspection 2010-12-17 + 5 years (interval not found): 2015-12-17; no live property matched"
,,drive,2020-09-14__icloud__January House electric certificate .pdf,electrical,,,,no,low,"email date 2020-09-14; text layer is the blank NICEIC form template (sample data), real certificate is an image; scanned, no text; no live property matched"
,,drive,2013-10-28__gmail__Gas Cert's 6 Mount Avenue.PDF,gas,,,OCR: Emergency Control accessible Yes/No NO BONDINS ; KienaN ARsSON 3LFEN 41 Grantock Road CorTBE EI7 4DF,no,low,"email date 2013-10-28; scanned, no text; no live property matched"
,,drive,2013-10-28__murrayandsullivan-co__Gas Cert's 6 Mount Avenue.PDF,gas,,,OCR: Emergency Control accessible Yes/No NO BONDINS ; KienaN ARsSON 3LFEN 41 Grantock Road CorTBE EI7 4DF,no,low,"email date 2013-10-28; scanned, no text; no live property matched"
,,drive,2015-01-22__vicaragecourt__Gas Cert 7 Kestrel Road.pdf,gas,,,OCR: kW/h or Btu/h Pass/Fail/NA Pass/Fail/NA Pass/Fa /NA Name (Mr/Mrs/Miss/Ms) Yes/No Yes/No Address 2 Defect(s) Identified Postcode GIUSP classi,no,low,"email date 2015-01-22; scanned, no text; no live property matched"
,,drive,2015-02-04__murrayandsullivan-co__2 Twickenham . Gas Cert . Jan 2015.pdf,gas,,,OCR: Postcode: £105NA Gas Engineer: SGARNER Address: 389 HIGHROAD KITCHEN MAIN Company: MuRRAM+SULIVAN REGISTERED BUSINESS DETAILS Inspection: Ga,no,low,"email date 2015-02-04; scanned, no text; no live property matched"
,,drive,2015-05-06__gmail__Gas Certificate - 24 Kenilworth Gardens - 28.04.2015.pdf,gas,,2015-04-28,,no,low,"email date 2015-05-06; scanned, no text; OCR (unverified) next check due: 2016-04-28; no live property matched"
,,drive,2015-05-08__murrayandsullivan-co__Gas Certificate - 24 Kenilworth Gardens - 28.04.2015.pdf,gas,,2015-04-28,,no,low,"email date 2015-05-08; scanned, no text; OCR (unverified) next check due: 2016-04-28; no live property matched"
,,drive,2015-06-02__gmail__Gas Certificate - 24 Kenilworth Gardens - 28.04.2015.pdf,gas,,2015-04-28,,no,low,"email date 2015-06-02; scanned, no text; OCR (unverified) next check due: 2016-04-28; no live property matched"
,,drive,2015-06-16__gmail__Gas Certificate - 24 Kenilworth Gardens - 28.04.2015.pdf,gas,,2015-04-28,,no,low,"email date 2015-06-16; scanned, no text; OCR (unverified) next check due: 2016-04-28; no live property matched"
,,drive,2015-06-16__vicaragecourt__Gas Certificate - 24 Kenilworth Gardens - 28.04.2015.pdf,gas,,2015-04-28,,no,low,"email date 2015-06-16; scanned, no text; OCR (unverified) next check due: 2016-04-28; no live property matched"
,,drive,2015-10-02__vicaragecourt__Gas Certificate - 24 Kenilworth Gardens - 28.04.2015.pdf,gas,,2015-04-28,,no,low,"email date 2015-10-02; scanned, no text; OCR (unverified) next check due: 2016-04-28; no live property matched"
,,drive,2015-11-19__vicaragecourt__Gas Certificate - 24 Kenilworth Gardens - 28.04.2015.pdf,gas,,2015-04-28,,no,low,"email date 2015-11-19; scanned, no text; OCR (unverified) next check due: 2016-04-28; no live property matched"
,,drive,2015-11-24__vicaragecourt__Gas Certificate - 24 Kenilworth Gardens - 28.04.2015.pdf,gas,,2015-04-28,,no,low,"email date 2015-11-24; scanned, no text; OCR (unverified) next check due: 2016-04-28; no live property matched"
,,drive,2015-12-14__vicaragecourt__Gas Certificate - 24 Kenilworth Gardens -.pdf,gas,,,,no,low,"email date 2015-12-14; scanned, no text; OCR (unverified) next check due: 2016-12-09; no live property matched"
,,drive,2016-02-11__vicaragecourt__gas safe cert.pdf,gas,,,,no,low,"email date 2016-02-11; scanned, no text; no live property matched"
,,drive,2016-02-29__vicaragecourt__Gas Cert - 320 Grange.pdf,gas,,,OCR: cived by: (tennant/landlord/homeowner/agent) visuai inspection supply pipework Outcome of gas E130HQ,no,low,"email date 2016-02-29; scanned, no text; no live property matched"
,,drive,2016-03-02__vicaragecourt__3 thermopylae gate gas cet 2016.pdf,gas,,,,no,low,"email date 2016-03-02; scanned, no text; no live property matched"
,,drive,2016-03-03__vicaragecourt__GAS SAFETY RECORD.pdf,gas,,,OCR: ©2014 DETAILS OF WORK CARRIED OUT Heating London's Homes HLGISTEH safe E10 5NA,no,low,"email date 2016-03-03; scanned, no text; no live property matched"
,,drive,2016-03-10__murrayandsullivan-co__27 Hitcham rd gas.pdf,gas,,,,no,low,"email date 2016-03-10; scanned, no text; OCR (unverified) next check due: 2016-07-15; no live property matched"
,,drive,2016-07-19__vicaragecourt__Gas Cert.PDF,gas,,,OCR: dition © 2014. DETAILS OF WORK CARRIED OUT Heating London's Homes säfe E10 5NA,no,low,"email date 2016-07-19; scanned, no text; no live property matched"
,,drive,2018-03-13__vicaragecourt__25_Elm_Pk_Gas_Certificate_.pdf(HA00030008.46.51A42).pdf,gas,,,,no,low,"email date 2018-03-13; scanned, no text; OCR (unverified) next check due: 2018-08-18; no live property matched"
,,drive,2018-03-14__murrayandsullivan-co__Gas Cert-  74C Kindswood Road (1) (1).pdf,gas,,,OCR: ecived by: (tennant/landlord/homeowner/agent) visual inspection suppy ppework Outcome of gas E11 1SF,no,low,"email date 2018-03-14; scanned, no text; no live property matched"
,,drive,2018-03-14__murrayandsullivan-co__Gas Cert-  74C Kindswood Road (1).pdf,gas,,,OCR: ecived by: (tennant/landlord/homeowner/agent) visual inspection suppy ppework Outcome of gas E11 1SF,no,low,"email date 2018-03-14; scanned, no text; no live property matched"
,,drive,2018-03-14__vicaragecourt__25_Elm_Pk_Gas_Certificate_.pdf(HA00030008.46.51A42) (1).pdf,gas,,,,no,low,"email date 2018-03-14; scanned, no text; OCR (unverified) next check due: 2018-08-18; no live property matched"
,,drive,2018-03-14__vicaragecourt__25_Elm_Pk_Gas_Certificate_.pdf(HA00030008.46.51A42) (2).pdf,gas,,,,no,low,"email date 2018-03-14; scanned, no text; OCR (unverified) next check due: 2018-08-18; no live property matched"
,,drive,2018-03-14__vicaragecourt__25_Elm_Pk_Gas_Certificate_.pdf(HA00030008.46.51A42).pdf,gas,,,,no,low,"email date 2018-03-14; scanned, no text; OCR (unverified) next check due: 2018-08-18; no live property matched"
,,drive,2018-03-14__vicaragecourt__Gas Cert-  74C Kindswood Road (1).pdf,gas,,,OCR: ecived by: (tennant/landlord/homeowner/agent) visual inspection suppy ppework Outcome of gas E11 1SF,no,low,"email date 2018-03-14; scanned, no text; no live property matched"
,,drive,2018-04-04__vicaragecourt__25_Elm_Pk_Gas_Certificate_.pdf(HA00030008.46.51A42).pdf,gas,,,,no,low,"email date 2018-04-04; scanned, no text; OCR (unverified) next check due: 2018-08-18; no live property matched"
,,drive,2018-04-09__vicaragecourt__25_Elm_Pk_Gas_Certificate_.pdf(HA00030008.46.51A42).pdf,gas,,,,no,low,"email date 2018-04-09; scanned, no text; OCR (unverified) next check due: 2018-08-18; no live property matched"
,,drive,2018-04-10__gmail__25_Elm_Pk_Gas_Certificate_.pdf(HA00030008.46.51A42).pdf,gas,,,,no,low,"email date 2018-04-10; scanned, no text; OCR (unverified) next check due: 2018-08-18; no live property matched"
,,drive,2018-04-10__vicaragecourt__25_Elm_Pk_Gas_Certificate_.pdf(HA00030008.46.51A42).pdf,gas,,,,no,low,"email date 2018-04-10; scanned, no text; OCR (unverified) next check due: 2018-08-18; no live property matched"
,,drive,2018-04-11__vicaragecourt__25_Elm_Pk_Gas_Certificate_.pdf(HA00030008.46.51A42).pdf,gas,,,,no,low,"email date 2018-04-11; scanned, no text; OCR (unverified) next check due: 2018-08-18; no live property matched"
,,drive,2024-07-16__propertysauce-co__25 Powell Court - Gas Cert.pdf,gas,,,,no,low,"email date 2024-07-16; scanned, no text; no live property matched"
,,drive,2025-12-02__propertysauce-co__47 Wilmot Road - Gas Certificate.pdf,gas,,,OCR: Address Name (Mr/Mrs/Miss/Ms) 47 wilmot Roxd 6-8uw| an Yes NA lan NA NA 0.cops NA Ses Yes Yes eidelamp N/A- Leytôn. Safety Related Defect(e),no,low,"email date 2025-12-02; scanned, no text; no live property matched"
,,drive,2025-12-04__propertysauce-co__47 Wilmot Road - Gas Certificate.pdf,gas,,,OCR: Address Name (Mr/Mrs/Miss/Ms) 47 wilmot Roxd 6-8uw| an Yes NA lan NA NA 0.cops NA Ses Yes Yes eidelamp N/A- Leytôn. Safety Related Defect(e),no,low,"email date 2025-12-04; scanned, no text; no live property matched"
,,drive,2025-12-10__gmail__47 Wilmot Road - Gas Certificate.pdf,gas,,,OCR: Address Name (Mr/Mrs/Miss/Ms) 47 wilmot Roxd 6-8uw| an Yes NA lan NA NA 0.cops NA Ses Yes Yes eidelamp N/A- Leytôn. Safety Related Defect(e),no,low,"email date 2025-12-10; scanned, no text; no live property matched"
,,drive,2025-12-10__vicaragecourt__47 Wilmot Road - Gas Certificate.pdf,gas,,,OCR: Address Name (Mr/Mrs/Miss/Ms) 47 wilmot Roxd 6-8uw| an Yes NA lan NA NA 0.cops NA Ses Yes Yes eidelamp N/A- Leytôn. Safety Related Defect(e),no,low,"email date 2025-12-10; scanned, no text; no live property matched"
,,drive,2025-12-16__vicaragecourt__47 Wilmot Road - Gas Certificate.pdf,gas,,,OCR: Address Name (Mr/Mrs/Miss/Ms) 47 wilmot Roxd 6-8uw| an Yes NA lan NA NA 0.cops NA Ses Yes Yes eidelamp N/A- Leytôn. Safety Related Defect(e),no,low,"email date 2025-12-16; scanned, no text; no live property matched"
